vix_threshold,sma_buffer_pct,rsi_gate,cooldown_days,vol_gate,final_balance,total_return_pct,max_drawdown_pct,total_trades,buy_and_hold_pct,win_rate_pct,avg_win,avg_loss,win_loss_ratio,sharpe_ratio,max_consec_losses,avg_hold_days
28,0.98,0,0,0,207728,107.728,26.2054,55,187.856,30.9091,13621.8,3259.01,4.17973,0.404889,7,58.1818
28,0.98,0,0,0.8,211152,111.152,23.4754,50,187.856,28,15980.5,3127.07,5.11037,0.41661,8,62.86
28,0.98,0,0,1,255499,155.499,22.2933,39,187.856,35.8974,17558.1,3612.6,4.86025,0.520116,4,78.0513
28,0.98,0,0,1.2,200177,100.177,26.2621,36,187.856,30.5556,16009.3,3037.02,5.27139,0.418616,6,77.5278
28,0.98,0,3,0,211519,111.519,26.2094,53,187.856,30.1887,14701.9,3343.58,4.39707,0.413624,7,60.3019
28,0.98,0,3,0.8,215055,115.055,23.4743,48,187.856,27.0833,17487.1,3207.91,5.45124,0.425573,8,65.3958
28,0.98,0,3,1,246114,146.114,22.9105,37,187.856,35.1351,18163.9,3750.68,4.84282,0.50269,4,82
28,0.98,0,3,1.2,188079,88.0794,28.3971,34,187.856,29.4118,16385.5,3157.33,5.18968,0.389292,5,81.1765
28,0.98,0,5,0,223176,123.176,26.0112,49,187.856,32.6531,14775.9,3431.45,4.30601,0.440894,7,64.8367
28,0.98,0,5,0.8,214775,114.775,23.3617,44,187.856,29.5455,16497.6,3215.94,5.12995,0.427629,7,70.6591
28,0.98,0,5,1,253040,153.04,23.6117,35,187.856,37.1429,18110.9,3745.54,4.83533,0.519769,4,86.0286
28,0.98,0,5,1.2,180524,80.5238,33.0641,35,187.856,28.5714,15440.3,2955.16,5.22486,0.369809,6,77.7429
28,0.98,0,10,0,204539,104.539,33.3382,44,187.856,29.5455,15299.2,3043.55,5.02675,0.409561,7,69.8636
28,0.98,0,10,0.8,195913,95.9126,28.2332,42,187.856,28.5714,15826.7,3133.61,5.05064,0.390795,7,72.2143
28,0.98,0,10,1,223546,123.546,25.1711,36,187.856,36.1111,15732.1,3520.48,4.46874,0.465763,5,81.7778
28,0.98,0,10,1.2,184147,84.1471,24.2069,32,187.856,31.25,15352.8,3153.68,4.86822,0.388441,5,82.3438
28,0.98,40,0,0,206835,106.835,26.2048,54,187.856,31.4815,13574.1,3349.31,4.05279,0.403349,7,59.1296
28,0.98,40,0,0.8,210257,110.257,23.477,49,187.856,28.5714,15924.6,3219.64,4.94607,0.415127,8,64
28,0.98,40,0,1,247655,147.655,22.4332,38,187.856,36.8421,16975.5,3750.09,4.52669,0.506058,4,79.7368
28,0.98,40,0,1.2,190049,90.049,28.9273,35,187.856,31.4286,14914.1,3083.61,4.83659,0.394184,6,78.7714
28,0.98,40,3,0,210558,110.558,26.206,52,187.856,30.7692,14647.8,3439.07,4.25923,0.411955,7,61.3462
28,0.98,40,3,0.8,213998,113.998,23.4776,47,187.856,27.6596,17414,3305.42,5.26832,0.423776,8,66.6596
28,0.98,40,3,1,245517,145.517,23.0952,36,187.856,36.1111,18127.1,3918.93,4.62553,0.502347,4,84
28,0.98,40,3,1.2,194506,94.506,27.9145,32,187.856,31.25,16688.5,3289.97,5.07255,0.408025,5,85.9688
28,0.98,40,5,0,224738,124.738,26.0135,48,187.856,33.3333,14874.6,3539.24,4.20277,0.444203,7,66.1667
28,0.98,40,5,0.8,216192,116.192,22.8437,43,187.856,30.2326,16600.7,3320.57,4.99937,0.430853,7,72.2791
28,0.98,40,5,1,254768,154.768,23.0952,34,187.856,38.2353,18228.5,3914.38,4.65679,0.523178,4,88.5294
28,0.98,40,5,1.2,186846,86.8456,32.6149,33,187.856,30.303,15730.4,3063.42,5.13492,0.389097,6,82.2121
28,0.98,40,10,0,205860,105.86,32.8941,43,187.856,30.2326,15391.8,3141.12,4.9001,0.412785,7,71.4651
28,0.98,40,10,0.8,197199,97.1992,27.7523,41,187.856,29.2683,15924.3,3237.68,4.91844,0.394085,7,73.9512
28,0.98,40,10,1,225054,125.054,24.6655,35,187.856,37.1429,15831.9,3670.93,4.31277,0.469229,5,84.0857
28,0.98,40,10,1.2,195490,95.4896,23.6941,30,187.856,33.3333,16125.7,3288.35,4.90388,0.420792,5,88.0667
28,0.98,45,0,0,220472,120.472,25.2978,51,187.856,33.3333,14009.7,3461.58,4.04721,0.436105,6,62.3725
28,0.98,45,0,0.8,216033,116.033,26.2375,46,187.856,28.2609,17070.3,3208.52,5.32031,0.432117,6,67.7609
28,0.98,45,0,1,222315,122.315,23.3645,39,187.856,30.7692,18068.2,3500.1,5.16219,0.461718,6,75.4615
28,0.98,45,0,1.2,186666,86.6662,32.3589,35,187.856,31.4286,14534.7,3050.63,4.76448,0.393541,5,75.8286
28,0.98,45,3,0,223624,123.624,24.2152,49,187.856,32.6531,15069.1,3560.07,4.23282,0.443049,6,64.8776
28,0.98,45,3,0.8,219203,119.203,25.1756,44,187.856,27.2727,18727.3,3297.65,5.679,0.439334,6,70.7955
28,0.98,45,3,1,225628,125.628,22.2615,37,187.856,29.7297,19959.2,3612.44,5.52513,0.469632,6,79.4054
28,0.98,45,3,1.2,195939,95.9395,29.008,32,187.856,31.25,16693.8,3227.23,5.17282,0.420832,5,82.75
28,0.98,45,5,0,240234,140.234,23.202,45,187.856,35.5556,15394.3,3657.75,4.20869,0.478801,6,70.3778
28,0.98,45,5,0.8,223211,123.211,24.3983,41,187.856,29.2683,18082.5,3233.76,5.5918,0.450076,6,75.4878
28,0.98,45,5,1,229809,129.809,22.2615,36,187.856,30.5556,19860.2,3546.1,5.60056,0.48118,6,81.1667
28,0.98,45,5,1.2,201312,101.312,29.008,31,187.856,32.2581,16693.8,3125.07,5.3419,0.436054,5,85.3548
28,0.98,45,10,0,219463,119.463,32.8941,42,187.856,33.3333,14859.8,3163.35,4.69747,0.44559,7,73.1905
28,0.98,45,10,0.8,200489,100.489,30.3644,40,187.856,27.5,17212.9,3063.88,5.61799,0.405307,7,75.55
28,0.98,45,10,1,193128,93.1279,25.8128,38,187.856,28.9474,16661.6,3338.88,4.99018,0.399944,7,74.7632
28,0.98,45,10,1.2,194840,94.8398,24.4997,30,187.856,33.3333,16023.9,3269.98,4.90032,0.424102,5,86.3333
28,0.98,50,0,0,202701,102.701,26.3161,49,187.856,28.5714,15755.5,3367.86,4.67818,0.401769,7,63.6735
28,0.98,50,0,0.8,193993,93.9925,28.0463,46,187.856,26.087,16599.9,3094.3,5.36467,0.38655,6,66.3261
28,0.98,50,0,1,184702,84.7024,27.5953,40,187.856,27.5,16093.3,3183.58,5.05509,0.376713,5,70.65
28,0.98,50,0,1.2,180152,80.1515,25.7058,33,187.856,30.303,15310.3,3171.79,4.82701,0.380832,5,78.1212
28,0.98,50,3,0,206051,106.051,25.1248,48,187.856,29.1667,15993.8,3466.52,4.61378,0.409863,7,64.9792
28,0.98,50,3,0.8,197104,97.1038,26.8832,45,187.856,26.6667,16841.3,3181.58,5.29338,0.394658,6,67.7778
28,0.98,50,3,1,187694,87.694,26.4277,39,187.856,28.2051,16334.6,3285.24,4.97212,0.385368,5,72.4359
28,0.98,50,3,1.2,183107,83.1072,24.5043,32,187.856,31.25,15541.1,3286.54,4.72872,0.390147,5,80.5312
28,0.98,50,5,0,215405,115.405,25.4371,46,187.856,30.4348,15949.1,3371.3,4.73084,0.432211,7,67.6304
28,0.98,50,5,0.8,199613,99.6133,28.1988,43,187.856,27.907,16299,3095.96,5.2646,0.401974,6,70.6279
28,0.98,50,5,1,191342,91.3421,26.4277,38,187.856,28.9474,16270.8,3245.79,5.01288,0.39733,5,74.0526
28,0.98,50,5,1.2,183107,83.1072,24.5043,32,187.856,31.25,15541.1,3286.54,4.72872,0.390147,5,80.5312
28,0.98,50,10,0,207871,107.871,32.7797,43,187.856,30.2326,15264.7,3018.97,5.05625,0.422275,7,70.3256
28,0.98,50,10,0.8,191815,91.8151,28.5918,40,187.856,27.5,16380.2,3047.15,5.37558,0.387289,6,74.2
28,0.98,50,10,1,187179,87.1789,26.5916,36,187.856,30.5556,15306.9,3247.9,4.71287,0.389745,5,76.8333
28,0.98,50,10,1.2,176383,76.3825,26.8237,30,187.856,30,15845.9,3153.85,5.02431,0.377147,7,82.3667
28,0.97,0,0,0,226493,126.493,22.796,51,187.856,29.4118,16726.4,3455.64,4.84031,0.444795,8,63.1176
28,0.97,0,0,0.8,224659,124.659,22.7468,47,187.856,27.6596,18364.4,3355.22,5.47337,0.444799,7,67.4043
28,0.97,0,0,1,264278,164.278,19.8785,37,187.856,35.1351,19783.7,3871.24,5.11043,0.534716,4,82.7838
28,0.97,0,0,1.2,206911,106.911,24.4616,34,187.856,29.4118,18537.9,3269.47,5.66999,0.433901,6,82.6176
28,0.97,0,3,0,230717,130.717,21.8989,49,187.856,28.5714,18215.5,3551.43,5.12906,0.453673,8,65.6122
28,0.97,0,3,0.8,228838,128.838,22.745,45,187.856,26.6667,20220,3448.54,5.86335,0.453772,7,70.3111
28,0.97,0,3,1,254596,154.596,20.5149,35,187.856,34.2857,20597.3,4024.84,5.11754,0.517471,4,87.2286
28,0.97,0,3,1.2,188517,88.5168,28.8604,33,187.856,27.2727,18646,3304.05,5.64337,0.389027,5,84.0606
28,0.97,0,5,0,238775,138.775,22.6418,46,187.856,30.4348,17888.1,3489.3,5.12655,0.472417,6,69.3696
28,0.97,0,5,0.8,224279,124.279,23.3617,42,187.856,28.5714,18661.2,3321.87,5.61769,0.447387,6,74.5
28,0.97,0,5,1,253864,153.864,23.6117,34,187.856,35.2941,19966.3,3896.92,5.12362,0.519789,4,89
28,0.97,0,5,1.2,182219,82.2192,33.0098,34,187.856,26.4706,17669.8,3072.35,5.75123,0.373672,6,80.4412
28,0.97,0,10,0,203486,103.486,33.1293,43,187.856,27.907,16879.2,3195.64,5.28196,0.405402,7,72.093
28,0.97,0,10,0.8,197146,97.1456,28.1073,41,187.856,26.8293,17653.3,3234.71,5.45748,0.392525,7,74.5854
28,0.97,0,10,1,224322,124.322,25.1711,35,187.856,34.2857,17382.6,3663.88,4.74432,0.466019,5,84.5429
28,0.97,0,10,1.2,185766,85.7663,24.2069,31,187.856,29.0323,17613.6,3307.08,5.32601,0.391884,5,85.4516
28,0.97,40,0,0,218506,118.506,25.5042,51,187.856,29.4118,16196.8,3456.82,4.68545,0.428759,8,62.9216
28,0.97,40,0,0.8,216775,116.775,22.9196,47,187.856,27.6596,17784.1,3365.26,5.28462,0.428651,7,67.1915
28,0.97,40,0,1,248458,148.458,22.4332,37,187.856,35.1351,18605.5,3892.21,4.78019,0.50614,4,82.2973
28,0.97,40,0,1.2,190424,90.4236,29.3882,34,187.856,29.4118,16791.3,3228.71,5.20061,0.39376,6,81.5
28,0.97,40,3,0,222463,122.463,24.1718,49,187.856,28.5714,17627.9,3552.24,4.96248,0.437393,8,65.4286
28,0.97,40,3,0.8,220648,120.648,22.7455,45,187.856,26.6667,19566.6,3459.13,5.65652,0.437298,7,70.1111
28,0.97,40,3,1,246388,146.388,23.0952,35,187.856,34.2857,19991.9,4065.87,4.917,0.502558,4,86.8286
28,0.97,40,3,1.2,194950,94.9495,28.3823,31,187.856,29.0323,18986.3,3451.22,5.50132,0.407619,5,89.1935
28,0.97,40,5,0,240397,140.397,22.1147,45,187.856,31.1111,18002.7,3601.33,4.99891,0.475671,6,70.8889
28,0.97,40,5,0.8,225746,125.746,22.8437,41,187.856,29.2683,18776.6,3433.56,5.46855,0.4506,6,76.2927
28,0.97,40,5,1,255619,155.619,23.0952,33,187.856,36.3636,20097.4,4073.8,4.93333,0.523238,4,91.6667
28,0.97,40,5,1.2,188634,88.6345,32.5602,32,187.856,28.125,18001.5,3190.38,5.64242,0.392959,6,85.2188
28,0.97,40,10,0,204877,104.877,32.6817,42,187.856,28.5714,16988.4,3299.49,5.14881,0.408746,7,73.7857
28,0.97,40,10,0.8,198461,98.4614,27.6258,40,187.856,27.5,17764.1,3342.9,5.31399,0.395847,7,76.425
28,0.97,40,10,1,225802,125.802,24.6655,34,187.856,35.2941,17489.3,3821.37,4.57672,0.469431,5,87
28,0.97,40,10,1.2,197237,97.2366,23.6941,29,187.856,31.0345,18484.5,3456.19,5.34823,0.424156,5,91.5862
28,0.97,45,0,0,232899,132.899,26.0586,48,187.856,31.25,16719.6,3572.55,4.68001,0.461624,8,66.6042
28,0.97,45,0,0.8,222777,122.777,26.2494,44,187.856,27.2727,19239.6,3378.07,5.69544,0.4458,6,71.3409
28,0.97,45,0,1,223683,123.683,23.7369,38,187.856,28.9474,20182.2,3641.54,5.54222,0.463212,6,77.8158
28,0.97,45,0,1.2,187852,87.852,32.5514,34,187.856,29.4118,16420.3,3181.3,5.16151,0.395483,5,78.4706
28,0.97,45,3,0,236280,136.28,24.9904,46,187.856,30.4348,18140.5,3677.74,4.93252,0.468644,8,69.4565
28,0.97,45,3,0.8,225922,125.922,25.187,42,187.856,26.1905,21242.3,3475.6,6.11183,0.452814,6,74.6905
28,0.97,45,3,1,227015,127.015,22.6382,36,187.856,27.7778,22481.3,3761.46,5.97675,0.471092,6,82
28,0.97,45,3,1.2,197153,97.1533,29.2107,31,187.856,29.0323,19050.2,3377.19,5.64083,0.422551,5,85.871
28,0.97,45,5,0,257082,157.082,22.4587,42,187.856,33.3333,18649.3,3714.55,5.0206,0.510574,6,75.7381
28,0.97,45,5,0.8,233033,133.033,24.2641,39,187.856,28.2051,20658.1,3364.5,6.14001,0.469897,5,79.8718
28,0.97,45,5,1,231167,131.167,22.6382,35,187.856,28.5714,22366.1,3699.76,6.04528,0.482498,6,83.8857
28,0.97,45,5,1.2,202558,102.558,29.2107,30,187.856,30,19050.2,3280.62,5.80687,0.437692,5,88.6667
28,0.97,45,10,0,218451,118.451,32.6817,41,187.856,31.7073,16295.4,3335.32,4.88571,0.441406,7,75.6098
28,0.97,45,10,0.8,201745,101.745,30.2421,39,187.856,25.641,19418.5,3187.57,6.09194,0.406935,7,78.1282
28,0.97,45,10,1,194261,94.2612,26.1707,37,187.856,27.027,18810.5,3475.68,5.41202,0.401625,7,77.1622
28,0.97,45,10,1.2,196573,96.5728,24.4997,29,187.856,31.0345,18366.1,3436.12,5.34502,0.427433,5,89.7931
28,0.97,50,0,0,222636,122.636,26.188,45,187.856,28.8889,18415.9,3649.1,5.04671,0.446102,6,69.9556
28,0.97,50,0,0.8,205750,105.75,27.9206,43,187.856,25.5814,19223.4,3303.36,5.81934,0.41402,5,71.7674
28,0.97,50,0,1,191731,91.731,27.5953,38,187.856,26.3158,18563.5,3353.72,5.53521,0.394466,5,75.1053
28,0.97,50,0,1.2,186604,86.6039,25.7058,31,187.856,29.0323,17885.3,3380.16,5.29125,0.398311,5,84.0645
28,0.97,50,3,0,226210,126.21,24.9942,44,187.856,29.5455,18686.7,3765.05,4.96319,0.454026,6,71.5227
28,0.97,50,3,0.8,209045,109.045,26.7544,42,187.856,26.1905,19503.5,3403.02,5.73123,0.422108,5,73.4524
28,0.97,50,3,1,194849,94.8491,26.4277,37,187.856,27.027,18844.2,3466.39,5.43625,0.403094,5,77.1081
28,0.97,50,3,1.2,189684,89.6835,24.5043,30,187.856,30,18158.8,3511.68,5.17096,0.407604,5,86.8333
28,0.97,50,5,0,239108,139.108,25.3076,42,187.856,30.9524,18734.4,3601.34,5.20206,0.481796,6,74.7143
28,0.97,50,5,0.8,213961,113.961,28.0731,40,187.856,27.5,18970.4,3265.99,5.80848,0.434827,5,76.775
28,0.97,50,5,1,198606,98.606,26.4277,36,187.856,27.7778,18767.9,3425.87,5.47827,0.415014,5,78.9444
28,0.97,50,5,1.2,189684,89.6835,24.5043,30,187.856,30,18158.8,3511.68,5.17096,0.407604,5,86.8333
28,0.97,50,10,0,214292,114.292,32.5666,41,187.856,29.2683,17361.9,3243.12,5.35345,0.43461,7,74.8537
28,0.97,50,10,0.8,200009,100.009,28.4665,38,187.856,26.3158,19080.2,3242.61,5.88423,0.406102,6,79.2632
28,0.97,50,10,1,198161,98.1608,26.5916,34,187.856,29.4118,18171.2,3481.29,5.21967,0.417768,5,82.5294
28,0.97,50,10,1.2,188825,88.8252,26.8237,28,187.856,28.5714,19674.1,3428.4,5.73858,0.413014,7,90.5
28,0.96,0,0,0,231653,131.653,23.7803,50,187.856,28,18577,3567.37,5.20748,0.4548,8,64.72
28,0.96,0,0,0.8,228983,128.983,22.7436,46,187.856,23.913,22425.4,3362.75,6.66876,0.453196,7,69.2391
28,0.96,0,0,1,270535,170.535,19.8785,36,187.856,30.5556,24219.2,3835.05,6.31523,0.545288,4,85.5833
28,0.96,0,0,1.2,215773,115.773,24.4616,33,187.856,27.2727,21816.1,3357.17,6.49837,0.455248,6,85.6667
28,0.96,0,3,0,235991,135.991,22.3622,48,187.856,27.0833,20337.9,3668.61,5.54376,0.463695,8,67.3333
28,0.96,0,3,0.8,233194,133.194,22.7467,44,187.856,22.7273,25069.2,3455.83,7.25417,0.462056,7,72.2955
28,0.96,0,3,1,260657,160.657,20.5149,34,187.856,29.4118,25617.2,3979.76,6.43686,0.528142,4,90.3235
28,0.96,0,3,1.2,196578,96.5778,28.8604,32,187.856,25,22226,3384.6,6.56681,0.410705,5,87.25
28,0.96,0,5,0,245434,145.434,23.6267,45,187.856,28.8889,20017.5,3587.3,5.58011,0.484828,6,71.2222
28,0.96,0,5,0.8,229552,129.552,24.4204,41,187.856,24.3902,23184,3299.6,7.0263,0.457968,6,76.6585
28,0.96,0,5,1,259902,159.902,23.6117,33,187.856,30.303,24826,3841.66,6.4623,0.530539,4,92.2424
28,0.96,0,5,1.2,190083,90.0834,33.0098,33,187.856,24.2424,21063.8,3137.07,6.71447,0.395737,6,83.4242
28,0.96,0,10,0,211798,111.798,33.1293,42,187.856,26.1905,19368.2,3266.21,5.92989,0.424611,7,74.119
28,0.96,0,10,0.8,201770,101.77,29.2935,40,187.856,22.5,22368.1,3211.05,6.96598,0.403455,7,76.8
28,0.96,0,10,1,229631,129.631,25.1711,34,187.856,29.4118,21651.4,3620.14,5.98082,0.477077,5,87.5588
28,0.96,0,10,1.2,193722,93.7222,24.2069,30,187.856,26.6667,21039.2,3390.52,6.20531,0.414399,5,88.9
28,0.96,40,0,0,223557,123.557,26.4525,50,187.856,28,17992.2,3564.82,5.04714,0.43893,8,64.52
28,0.96,40,0,0.8,220922,120.922,24.1926,46,187.856,23.913,21714,3369.49,6.4443,0.437023,7,69.0217
28,0.96,40,0,1,254377,154.377,22.4332,36,187.856,30.5556,22787.1,3851.23,5.91684,0.516862,4,85.0833
28,0.96,40,0,1.2,198610,98.6098,29.3882,33,187.856,27.2727,19769.7,3304.89,5.98195,0.415466,6,84.5152
28,0.96,40,3,0,227569,127.569,25.1361,48,187.856,27.0833,19680.7,3665.13,5.3697,0.447513,8,67.1458
28,0.96,40,3,0.8,224835,124.835,22.8313,44,187.856,22.7273,24253.9,3461.87,7.006,0.445629,7,72.0909
28,0.96,40,3,1,252191,152.191,23.0952,34,187.856,29.4118,24854.4,4014.73,6.19081,0.513203,4,89.9118
28,0.96,40,3,1.2,203309,103.309,28.3823,30,187.856,26.6667,22630.9,3533.56,6.40456,0.429358,5,92.7667
28,0.96,40,5,0,247034,147.034,23.109,44,187.856,29.5455,20141.1,3703.24,5.43879,0.487959,6,72.8182
28,0.96,40,5,0.8,231112,131.112,23.9123,40,187.856,25,23333.3,3407.37,6.84789,0.461268,6,78.55
28,0.96,40,5,1,261674,161.674,23.0952,32,187.856,31.25,24987.3,4009.07,6.2327,0.533941,4,95.0938
28,0.96,40,5,1.2,196716,96.7157,32.5602,31,187.856,25.8065,21448,3255.14,6.58895,0.414921,6,88.5484
28,0.96,40,10,0,213205,113.205,32.6817,41,187.856,26.8293,19489.9,3372.82,5.77852,0.427875,7,75.9024
28,0.96,40,10,0.8,203161,103.161,28.8207,39,187.856,23.0769,22515.7,3316.03,6.78998,0.406838,7,78.7436
28,0.96,40,10,1,231170,131.17,24.6655,33,187.856,30.303,21788.5,3770.23,5.77909,0.48051,5,90.1818
28,0.96,40,10,1.2,205695,105.695,23.6941,28,187.856,28.5714,22066.5,3541.85,6.23021,0.446564,5,95.5
28,0.96,45,0,0,238300,138.3,27.0045,47,187.856,29.7872,18566.2,3685.67,5.03741,0.47183,8,68.383
28,0.96,45,0,0.8,226993,126.993,27.4681,43,187.856,25.5814,21694.7,3489.02,6.218,0.454182,6,73.3953
28,0.96,45,0,1,232820,132.82,23.7369,37,187.856,27.027,23369.9,3736.28,6.25486,0.482907,6,80.3784
28,0.96,45,0,1.2,195883,95.8828,32.5514,33,187.856,27.2727,19316.8,3248.68,5.94604,0.41774,5,81.3939
28,0.96,45,3,0,241748,141.748,25.9444,45,187.856,28.8889,20247.7,3796.01,5.33394,0.478838,8,71.3778
28,0.96,45,3,0.8,230243,130.243,26.4221,41,187.856,24.3902,24160.6,3592.34,6.72558,0.461251,6,76.9268
28,0.96,45,3,1,236284,136.284,22.6382,35,187.856,25.7143,26298.6,3861.67,6.81018,0.490773,6,84.8286
28,0.96,45,3,1.2,205625,105.625,29.2107,30,187.856,26.6667,22702,3454.16,6.57237,0.444897,5,89.3333
28,0.96,45,5,0,264112,164.112,23.446,41,187.856,31.7073,20849,3818.76,5.45962,0.522824,6,77.9268
28,0.96,45,5,0.8,238517,138.517,25.514,38,187.856,26.3158,23551.3,3464.15,6.79858,0.480547,5,82.3421
28,0.96,45,5,1,240655,140.655,22.6382,34,187.856,26.4706,26170.2,3795.11,6.89578,0.502356,6,86.8529
28,0.96,45,5,1.2,211263,111.263,29.2107,29,187.856,27.5862,22702,3350.15,6.77643,0.460032,5,92.3448
28,0.96,45,10,0,227375,127.375,32.6817,40,187.856,30,18561.2,3405.7,5.45006,0.460639,7,77.825
28,0.96,45,10,0.8,206507,106.507,31.3939,38,187.856,23.6842,22396.3,3277.93,6.83246,0.417994,7,80.5526
28,0.96,45,10,1,202190,102.19,26.1707,36,187.856,25,22052.9,3566.15,6.18395,0.422059,7,79.7778
28,0.96,45,10,1.2,204999,104.999,24.4997,28,187.856,28.5714,21922.3,3518.97,6.22977,0.45016,5,93.6429
28,0.96,50,0,0,226871,126.871,27.4066,44,187.856,27.2727,20613.5,3765.33,5.47454,0.454518,6,71.9318
28,0.96,50,0,0.8,209645,109.645,29.1107,42,187.856,23.8095,21873.5,3409.06,6.41629,0.422643,5,73.881
28,0.96,50,0,1,199572,99.5718,27.5953,37,187.856,24.3243,21747.7,3434.2,6.33269,0.414923,5,77.5946
28,0.96,50,0,1.2,194620,94.6197,25.7058,30,187.856,26.6667,21359.7,3466.27,6.16216,0.421128,5,87.4667
28,0.96,50,3,0,230560,130.56,26.2339,43,187.856,27.907,20921.7,3887.11,5.38233,0.462509,6,73.5814
28,0.96,50,3,0.8,213043,113.043,27.9648,41,187.856,24.3902,22198.6,3514.3,6.31665,0.43077,5,75.6585
28,0.96,50,3,1,202829,102.829,26.4277,36,187.856,25,22079.4,3551.31,6.21724,0.423568,5,79.7222
28,0.96,50,3,1.2,197784,97.7836,24.5043,29,187.856,27.5862,21681.4,3603.23,6.01722,0.430312,5,90.4483
28,0.96,50,5,0,244693,144.693,26.538,41,187.856,29.2683,21001,3700.67,5.67492,0.492341,6,76.878
28,0.96,50,5,0.8,219064,119.064,29.2609,39,187.856,25.641,21641.7,3357,6.44674,0.445859,5,79.1026
28,0.96,50,5,1,206775,106.775,26.4277,35,187.856,25.7143,21994.6,3506.76,6.27205,0.435666,5,81.6857
28,0.96,50,5,1.2,197784,97.7836,24.5043,29,187.856,27.5862,21681.4,3603.23,6.01722,0.430312,5,90.4483
28,0.96,50,10,0,222984,122.984,32.5666,40,187.856,27.5,19911.9,3311.96,6.01213,0.453912,7,77.05
28,0.96,50,10,0.8,204746,104.746,29.6486,37,187.856,24.3243,22022.8,3337.82,6.59795,0.417303,6,81.7838
28,0.96,50,10,1,206317,106.317,26.5916,33,187.856,27.2727,21330.6,3569.1,5.97647,0.43866,5,85.5455
28,0.96,50,10,1.2,196981,96.9812,26.8237,27,187.856,25.9259,23885,3510.7,6.80349,0.436473,7,94.5185
30,0.98,0,0,0,205267,105.267,28.1038,50,187.856,26,17624.1,3347.21,5.26531,0.389658,7,65.66
30,0.98,0,0,0.8,202855,102.855,27.5433,48,187.856,29.1667,15309.5,3278.78,4.66927,0.388687,5,67.125
30,0.98,0,0,1,244086,144.086,21.8843,36,187.856,36.1111,17624.9,3697.3,4.76697,0.482147,5,87.5
30,0.98,0,0,1.2,210680,110.68,30.2654,32,187.856,37.5,14616.8,3236.12,4.51678,0.426235,5,91.9688
30,0.98,0,3,0,206872,106.872,27.955,49,187.856,26.5306,17225.3,3251.56,5.29753,0.393772,7,66.8776
30,0.98,0,3,0.8,205266,105.266,26.398,47,187.856,29.7872,15035.9,3189,4.71493,0.394748,5,68.383
30,0.98,0,3,1,241448,141.448,20.6492,36,187.856,36.1111,17358.2,3661.2,4.74111,0.477627,5,87.3056
30,0.98,0,3,1.2,199382,99.3821,31.1609,31,187.856,38.7097,13380.9,3220.48,4.15495,0.40052,5,94.3871
30,0.98,0,5,0,220765,120.765,27.1506,45,187.856,31.1111,16013.6,3336.27,4.79983,0.426836,5,72.2444
30,0.98,0,5,0.8,224806,124.806,24.0809,42,187.856,33.3333,15324.8,3205.04,4.78146,0.440061,4,76
30,0.98,0,5,1,253175,153.175,21.1951,33,187.856,39.3939,17253.5,3556.04,4.85189,0.501438,4,94.9091
30,0.98,0,5,1.2,221225,121.225,27.6348,29,187.856,41.3793,14506.8,3109.19,4.66579,0.45467,6,99.5517
30,0.98,0,10,0,228343,128.343,29.9598,39,187.856,30.7692,17834.9,3173.18,5.62051,0.450753,6,81.4359
30,0.98,0,10,0.8,248612,148.612,23.8701,37,187.856,37.8378,16570.8,3625.18,4.57102,0.491411,4,85.1892
30,0.98,0,10,1,260412,160.412,21.7208,31,187.856,41.9355,17484.6,3716.03,4.70519,0.518489,3,100.065
30,0.98,0,10,1.2,210814,110.814,29.2535,28,187.856,42.8571,13575,3255.41,4.16998,0.434299,5,101.679
30,0.98,40,0,0,205421,105.421,27.9608,48,187.856,27.0833,17404.9,3452.64,5.04104,0.390807,7,68.2083
30,0.98,40,0,0.8,207482,107.482,24.5804,46,187.856,30.4348,15488.7,3417.48,4.53219,0.399673,5,69.8913
30,0.98,40,0,1,242476,142.476,20.4009,34,187.856,38.2353,17253.7,3896.3,4.42823,0.480097,5,92.3529
30,0.98,40,0,1.2,212133,112.133,27.3711,29,187.856,41.3793,14156.1,3396.44,4.16791,0.43208,5,100.586
30,0.98,40,3,0,208355,108.355,27.9557,47,187.856,27.6596,17267.7,3415.45,5.05577,0.397566,7,69.5745
30,0.98,40,3,0.8,211180,111.18,24.5824,45,187.856,31.1111,15443.1,3387.86,4.55836,0.408249,5,71.3111
30,0.98,40,3,1,243960,143.96,20.4008,34,187.856,38.2353,17364.8,3894.42,4.4589,0.483143,5,92.2647
30,0.98,40,3,1.2,204266,104.266,30.0665,29,187.856,41.3793,13350.5,3290.62,4.05714,0.413582,5,100.483
30,0.98,40,5,0,224283,124.283,27.1492,44,187.856,31.8182,16253.6,3442.26,4.72179,0.434342,5,73.7955
30,0.98,40,5,0.8,228411,128.411,23.7171,41,187.856,34.1463,15558.2,3311.28,4.69855,0.447723,4,77.7561
30,0.98,40,5,1,252557,152.557,20.4012,32,187.856,40.625,17053.4,3638.81,4.68654,0.500771,4,97.7188
30,0.98,40,5,1.2,226852,126.852,27.4488,27,187.856,44.4444,14495.3,3139.4,4.61721,0.468453,6,106.519
30,0.98,40,10,0,229778,129.778,29.9606,39,187.856,30.7692,17941.7,3167.48,5.66434,0.453866,6,81.3846
30,0.98,40,10,0.8,250189,150.189,23.3883,37,187.856,37.8378,16670.6,3617.4,4.60846,0.494603,4,85.1351
30,0.98,40,10,1,259790,159.79,20.4778,30,187.856,43.3333,17284.7,3818.25,4.52685,0.517876,3,103.233
30,0.98,40,10,1.2,221798,121.798,28.1244,26,187.856,46.1538,14015.4,3313.34,4.22999,0.459759,5,109.654
30,0.98,45,0,0,204805,104.805,29.8089,46,187.856,28.2609,16973,3510.41,4.83504,0.390216,7,70.9348
30,0.98,45,0,0.8,197258,97.2581,29.1753,44,187.856,29.5455,15553.2,3384.94,4.59482,0.378063,6,72.6136
30,0.98,45,0,1,224959,124.959,27.2659,32,187.856,37.5,17034.6,3972.82,4.28779,0.450717,5,96.4062
30,0.98,45,0,1.2,191048,91.0475,33.0115,29,187.856,41.3793,12674.2,3590.78,3.52966,0.386774,6,97
30,0.98,45,3,0,209968,109.968,29.8089,45,187.856,28.8889,17144.7,3528.53,4.85888,0.401838,7,72.4667
30,0.98,45,3,0.8,202979,102.979,29.1757,43,187.856,30.2326,15795.9,3412.26,4.62916,0.391717,6,74.2093
30,0.98,45,3,1,225739,125.739,27.2663,32,187.856,37.5,17120.7,3985.47,4.29578,0.452504,5,96.3438
30,0.98,45,3,1.2,183950,83.9502,35.4976,29,187.856,41.3793,11921.8,3477.15,3.42862,0.367699,6,96.8966
30,0.98,45,5,0,212017,112.017,27.2627,44,187.856,31.8182,15594.8,3543.66,4.40075,0.408662,5,73.6364
30,0.98,45,5,0.8,205820,105.82,27.568,41,187.856,31.7073,15338.2,3342.03,4.58948,0.399797,5,77.4146
30,0.98,45,5,1,227282,127.282,27.2651,31,187.856,38.7097,16509,3727.73,4.42871,0.456578,5,99.2258
30,0.98,45,5,1.2,205044,105.044,30.9355,27,187.856,44.4444,13099.6,3476.74,3.76778,0.423791,6,104
30,0.98,45,10,0,233791,133.791,31.7595,38,187.856,31.5789,18594.5,3436.23,5.41129,0.461328,6,83.4474
30,0.98,45,10,0.8,225177,125.177,28.0547,37,187.856,35.1351,16418.5,3677.62,4.46443,0.445785,5,84.7027
30,0.98,45,10,1,233824,133.824,27.3369,29,187.856,41.3793,16741,3945.15,4.24344,0.473703,5,105.034
30,0.98,45,10,1.2,200132,100.132,31.7144,26,187.856,46.1538,12632.6,3675.7,3.4368,0.413385,5,107.192
30,0.98,50,0,0,197124,97.1244,30.2007,43,187.856,30.2326,16164.1,3766.97,4.29101,0.378173,6,74.6744
30,0.98,50,0,0.8,188827,88.8267,28.4186,41,187.856,31.7073,14451.2,3537.12,4.08559,0.362311,5,76.878
30,0.98,50,0,1,187206,87.2058,28.6127,34,187.856,35.2941,13980,3661.57,3.81804,0.367982,6,87.8824
30,0.98,50,0,1.2,175517,75.517,31.4059,28,187.856,42.8571,11140.7,3635.69,3.06425,0.348768,4,97.6786
30,0.98,50,3,0,202171,102.171,30.2007,42,187.856,30.9524,16335.8,3799.81,4.29912,0.390185,6,76.4048
30,0.98,50,3,0.8,193622,93.622,28.4186,40,187.856,32.5,14608.4,3566.21,4.09635,0.37447,5,78.75
30,0.98,50,3,1,187206,87.2058,28.6127,34,187.856,35.2941,13980,3661.57,3.81804,0.367982,6,87.8824
30,0.98,50,3,1.2,175517,75.517,31.4059,28,187.856,42.8571,11140.7,3635.69,3.06425,0.348768,4,97.6786
30,0.98,50,5,0,213503,113.503,30.2008,40,187.856,32.5,16680.1,3827.35,4.35813,0.416409,6,79.95
30,0.98,50,5,0.8,200214,100.214,28.4188,38,187.856,34.2105,14474,3517.96,4.11433,0.391407,5,82.5263
30,0.98,50,5,1,192456,92.4563,28.6155,32,187.856,37.5,13807.8,3661.84,3.77071,0.382269,6,93.1875
30,0.98,50,5,1.2,179061,79.0605,30.0102,27,187.856,44.4444,11342.9,3803.63,2.98213,0.359404,4,101.185
30,0.98,50,10,0,232742,132.742,31.5916,35,187.856,34.2857,18089.3,3666.53,4.93364,0.464065,6,89.6
30,0.98,50,10,0.8,218216,118.216,27.6833,34,187.856,35.2941,16543.8,3650.44,4.53199,0.437734,5,90.7647
30,0.98,50,10,1,198643,98.6432,27.8784,30,187.856,36.6667,15104,3552.65,4.25146,0.402551,6,97.8
30,0.98,50,10,1.2,154522,54.5225,39.2409,29,187.856,37.931,10351.6,3296.92,3.13976,0.288599,7,89.5862
30,0.97,0,0,0,215854,115.854,27.2641,46,187.856,26.087,20228.6,3732.03,5.42027,0.411284,7,71.8696
30,0.97,0,0,0.8,208208,108.208,25.2324,45,187.856,28.8889,17170.3,3593.93,4.77759,0.398992,5,72.2444
30,0.97,0,0,1,251084,151.084,21.8207,34,187.856,35.2941,19745.9,3903.03,5.05911,0.493798,5,93.2353
30,0.97,0,0,1.2,215794,115.794,28.5619,30,187.856,36.6667,16503.6,3460.26,4.76946,0.436287,5,98.7333
30,0.97,0,3,0,219288,119.288,27.2605,45,187.856,26.6667,19839,3599.39,5.51177,0.419081,7,73.3111
30,0.97,0,3,0.8,212288,112.288,24.1682,44,187.856,29.5455,16908.5,3468.47,4.87492,0.408628,5,73.6818
30,0.97,0,3,1,247654,147.654,21.8272,34,187.856,35.2941,19417.4,3879.75,5.0048,0.487906,5,93.0294
30,0.97,0,3,1.2,204297,104.297,29.4824,29,187.856,34.4828,16796.6,3351,5.01242,0.410883,5,101.552
30,0.97,0,5,0,236514,136.514,24.0148,41,187.856,26.8293,21954.2,3499.41,6.27369,0.457164,6,79.7805
30,0.97,0,5,0.8,234981,134.981,22.9897,39,187.856,30.7692,18952.4,3424,5.53517,0.458727,5,82.5128
30,0.97,0,5,1,261894,161.894,19.492,31,187.856,35.4839,21312.8,3627.31,5.87564,0.515743,5,101.645
30,0.97,0,5,1.2,230362,130.362,26.0009,27,187.856,40.7407,16594.5,3261.09,5.08864,0.473144,6,107.593
30,0.97,0,10,0,224872,124.872,28.3227,37,187.856,29.7297,19873.3,3605.15,5.51247,0.439937,6,86.8919
30,0.97,0,10,0.8,250484,150.484,21.2915,35,187.856,34.2857,19911.6,3845.85,5.17742,0.492147,4,90.9429
30,0.97,0,10,1,269433,169.433,19.8971,29,187.856,37.931,21510.1,3732.07,5.76358,0.532857,4,107.621
30,0.97,0,10,1.2,219269,119.269,27.0556,26,187.856,38.4615,17140.7,3258.63,5.26008,0.452525,5,110.192
30,0.97,40,0,0,216017,116.017,27.2598,44,187.856,27.2727,19977.1,3865.87,5.16755,0.412485,7,74.9318
30,0.97,40,0,0.8,212927,112.927,24.1606,43,187.856,30.2326,17375.1,3765,4.61491,0.409884,5,75.4419
30,0.97,40,0,1,249372,149.372,21.8216,32,187.856,37.5,19337.8,4134.09,4.67766,0.491671,5,98.75
30,0.97,40,0,1.2,217340,117.34,25.5974,27,187.856,40.7407,16003.4,3668.6,4.36228,0.442276,5,108.741
30,0.97,40,3,0,220809,120.809,27.2587,43,187.856,27.907,19874.1,3796.12,5.23536,0.422814,7,76.5581
30,0.97,40,3,0.8,218451,118.451,24.1666,42,187.856,30.9524,17372.1,3703,4.69137,0.422098,5,77.0714
30,0.97,40,3,1,250200,150.2,21.8276,32,187.856,37.5,19428,4146.79,4.68506,0.493367,5,98.6562
30,0.97,40,3,1.2,209283,109.283,28.3584,27,187.856,37.037,16761.3,3431.17,4.88501,0.423857,5,108.63
30,0.97,40,5,0,240258,140.258,24.0111,40,187.856,27.5,22283.5,3615.89,6.16267,0.464619,6,81.675
30,0.97,40,5,0.8,238765,138.765,22.9905,38,187.856,31.5789,19243,3544.26,5.42934,0.466371,5,84.5789
30,0.97,40,5,1,261269,161.269,19.4922,30,187.856,36.6667,21074.9,3713.45,5.6753,0.515105,5,104.867
30,0.97,40,5,1.2,236182,136.182,26.0003,25,187.856,44,16585.5,3304.19,5.01953,0.486831,6,115.76
30,0.97,40,10,0,226269,126.269,28.3278,37,187.856,29.7297,19990.1,3600.81,5.55154,0.44299,6,86.8378
30,0.97,40,10,0.8,252070,152.07,20.887,35,187.856,34.2857,20031.8,3839.64,5.21711,0.495295,4,90.8857
30,0.97,40,10,1,268797,168.797,19.4925,28,187.856,39.2857,21272.6,3835.39,5.5464,0.532272,4,111.286
30,0.97,40,10,1.2,230717,130.717,25.8901,24,187.856,41.6667,17701,3306.63,5.35319,0.47785,5,119.542
30,0.97,45,0,0,216645,116.645,29.128,42,187.856,28.5714,19553.3,3933.15,4.9714,0.414648,7,78.2143
30,0.97,45,0,0.8,203599,103.599,27.7624,41,187.856,29.2683,17668.6,3738.77,4.72579,0.391152,6,78.6098
30,0.97,45,0,1,233298,133.298,26.2343,30,187.856,36.6667,19390.1,4210.13,4.60557,0.466573,5,103.433
30,0.97,45,0,1.2,198161,98.1607,31.1261,27,187.856,40.7407,14446.3,3796.79,3.80487,0.403861,6,104.852
30,0.97,45,3,0,224540,124.54,29.128,41,187.856,29.2683,19840.8,3915.51,5.06723,0.431264,7,80.0488
30,0.97,45,3,0.8,211782,111.782,27.7637,40,187.856,30,18021.7,3731.37,4.82979,0.409814,6,80.45
30,0.97,45,3,1,234186,134.186,26.2347,30,187.856,36.6667,19493.9,4223.51,4.61558,0.468453,5,103.367
30,0.97,45,3,1.2,190845,90.8453,33.6814,27,187.856,37.037,15111.5,3545.27,4.26243,0.384996,6,104.741
30,0.97,45,5,0,227143,127.143,25.9494,40,187.856,27.5,21373.4,3722.9,5.74105,0.439131,6,81.5
30,0.97,45,5,0.8,215182,115.182,25.7068,38,187.856,28.9474,19288.4,3592.25,5.36945,0.418874,5,84.2105
30,0.97,45,5,1,235781,135.781,26.2357,29,187.856,34.4828,20846.8,3825.58,5.4493,0.472531,5,106.69
30,0.97,45,5,1.2,212715,112.715,29.8173,25,187.856,44,14940.9,3688.19,4.05101,0.440774,6,113.04
30,0.97,45,10,0,236089,136.089,30.1727,36,187.856,30.5556,20958.8,3778.32,5.54713,0.462879,6,89.1111
30,0.97,45,10,0.8,232651,132.651,25.7034,35,187.856,31.4286,20296.8,3775.57,5.37582,0.45949,5,90.3714
30,0.97,45,10,1,242547,142.547,26.2348,27,187.856,37.037,21035.6,3988.77,5.2737,0.489637,5,113.481
30,0.97,45,10,1.2,208102,108.102,29.5937,24,187.856,41.6667,15951.5,3672.4,4.34362,0.4319,5,116.875
30,0.97,50,0,0,214623,114.623,29.3566,38,187.856,31.5789,18996,4358.82,4.35807,0.415567,6,85.4737
30,0.97,50,0,0.8,198585,98.5852,27.5507,37,187.856,32.4324,16612.5,4030.59,4.1216,0.383577,5,86.3784
30,0.97,50,0,1,198657,98.6567,27.8782,31,187.856,35.4839,16179.3,3965.77,4.07973,0.394907,6,97.4839
30,0.97,50,0,1.2,185800,85.8001,29.887,25,187.856,40,14356.1,3850.74,3.72814,0.375908,4,110.76
30,0.97,50,3,0,222478,122.478,29.3566,37,187.856,32.4324,19283.6,4356.99,4.42589,0.432546,6,87.7027
30,0.97,50,3,0.8,205778,105.778,27.5507,36,187.856,33.3333,16865.2,4025.18,4.18992,0.400685,5,88.6944
30,0.97,50,3,1,198657,98.6567,27.8782,31,187.856,35.4839,16179.3,3965.77,4.07973,0.394907,6,97.4839
30,0.97,50,3,1.2,185800,85.8001,29.887,25,187.856,40,14356.1,3850.74,3.72814,0.375908,4,110.76
30,0.97,50,5,0,234975,134.975,29.359,35,187.856,34.2857,19703,4411.35,4.46644,0.458657,6,92.4
30,0.97,50,5,0.8,212818,112.818,27.5583,34,187.856,32.3529,18387.1,3888.67,4.72836,0.417543,5,93.5
30,0.97,50,5,1,204191,104.191,27.8804,29,187.856,34.4828,17740.1,3853.15,4.60405,0.409039,6,104
30,0.97,50,5,1.2,189599,89.5986,28.4568,24,187.856,41.6667,14622.4,4044.66,3.61523,0.386592,4,115.25
30,0.97,50,10,0,229221,129.221,31.9047,33,187.856,33.3333,20126.7,4189.68,4.80388,0.451472,6,96.8485
30,0.97,50,10,0.8,217379,117.379,28.645,32,187.856,34.375,18546.8,4125.49,4.49566,0.430978,5,98.2812
30,0.97,50,10,1,207127,107.127,28.3445,28,187.856,35.7143,17696.8,3880.06,4.56097,0.419477,6,106.643
30,0.97,50,10,1.2,165389,65.3887,39.2409,27,187.856,37.037,12609.3,3570.82,3.5312,0.323443,7,98.5556
30,0.96,0,0,0,220804,120.804,28.1906,45,187.856,24.4444,22912.9,3859.95,5.93606,0.421066,7,73.8444
30,0.96,0,0,0.8,212127,112.127,26.467,44,187.856,25,20986.2,3597.64,5.83334,0.407075,6,74.2727
30,0.96,0,0,1,257053,157.053,21.8216,33,187.856,30.303,24570.5,3854.43,6.37462,0.504101,5,96.6061
30,0.96,0,0,1.2,225074,125.074,28.5619,29,187.856,34.4828,19249.9,3548.67,5.42453,0.456496,5,102.759
30,0.96,0,3,0,225329,125.329,28.1867,44,187.856,25,22519.4,3708.63,6.07216,0.430975,7,75.2955
30,0.96,0,3,0.8,217347,117.347,25.3042,43,187.856,25.5814,20718.7,3454.96,5.9968,0.418975,6,75.7209
30,0.96,0,3,1,253520,153.52,21.829,33,187.856,30.303,24170.1,3833.94,6.30423,0.498202,5,96.3939
30,0.96,0,3,1.2,213074,113.074,29.4824,28,187.856,32.1429,19820.3,3437.3,5.76625,0.431245,5,105.821
30,0.96,0,5,0,242966,142.966,24.9839,40,187.856,25,25125.6,3609.67,6.96062,0.469029,6,82.125
30,0.96,0,5,0.8,240545,140.545,22.9908,38,187.856,26.3158,23582.1,3402.71,6.93038,0.469035,5,85.0526
30,0.96,0,5,1,268125,168.125,20.8218,30,187.856,30,27022.1,3574.97,7.5587,0.526059,5,105.633
30,0.96,0,5,1.2,240219,140.219,26.0009,26,187.856,38.4615,19371.2,3343.33,5.79399,0.49348,6,112.423
30,0.96,0,10,0,234090,134.09,28.3227,36,187.856,27.7778,23020,3696.54,6.22744,0.458361,6,89.6667
30,0.96,0,10,0.8,256363,156.363,22.5913,34,187.856,29.4118,24756.6,3800.15,6.51464,0.502407,5,94.0294
30,0.96,0,10,1,275747,175.747,21.2204,28,187.856,32.1429,27255.5,3660.66,7.44552,0.543098,5,112.107
30,0.96,0,10,1.2,228671,128.671,27.0556,25,187.856,36,20232.2,3338.64,6.06,0.473165,5,115.32
30,0.96,40,0,0,220992,120.992,28.1865,43,187.856,25.5814,22646.7,4003.8,5.6563,0.422328,7,77.0698
30,0.96,40,0,0.8,217044,117.044,24.347,42,187.856,26.1905,21256.3,3766.97,5.64282,0.418129,6,77.6429
30,0.96,40,0,1,255323,155.323,21.8223,31,187.856,32.2581,24083.1,4071.84,5.91456,0.502053,5,102.516
30,0.96,40,0,1.2,226640,126.64,25.5974,26,187.856,38.4615,18688.9,3765.51,4.96317,0.462558,5,113.615
30,0.96,40,3,0,226947,126.947,28.1872,42,187.856,26.1905,22575,3915.4,5.76568,0.4348,7,78.7143
30,0.96,40,3,0.8,223580,123.58,24.3508,41,187.856,26.8293,21279.9,3683.3,5.77739,0.432315,6,79.2927
30,0.96,40,3,1,256155,156.155,21.8296,31,187.856,32.2581,24193.7,4084.84,5.9228,0.503713,5,102.419
30,0.96,40,3,1.2,218263,118.263,28.3584,26,187.856,34.6154,19787.3,3518.99,5.623,0.444242,5,113.5
30,0.96,40,5,0,246892,146.892,24.9776,39,187.856,25.641,25510.4,3731.43,6.83663,0.476601,6,84.1282
30,0.96,40,5,0.8,244383,144.383,22.9934,37,187.856,27.027,23941.9,3519.84,6.80197,0.476606,5,87.2432
30,0.96,40,5,1,267491,167.491,20.8237,29,187.856,31.0345,26730.2,3654.06,7.31522,0.52544,5,109.103
30,0.96,40,5,1.2,246290,146.29,26.0003,24,187.856,41.6667,19368.5,3385.39,5.7212,0.50722,6,121.333
30,0.96,40,10,0,235460,135.46,28.3278,36,187.856,27.7778,23146.5,3692.48,6.26855,0.461295,6,89.6111
30,0.96,40,10,0.8,258039,158.039,22.1912,34,187.856,29.4118,24911.1,3794.67,6.56476,0.50564,5,93.9706
30,0.96,40,10,1,275108,175.108,20.8228,27,187.856,33.3333,26964.1,3753.83,7.18309,0.54254,5,116.074
30,0.96,40,10,1.2,240607,140.607,25.8901,23,187.856,39.1304,20890.2,3386.01,6.16955,0.498426,5,125.522
30,0.96,45,0,0,221608,121.608,30.0327,41,187.856,26.8293,22158.4,4071.17,5.44276,0.424471,7,80.5366
30,0.96,45,0,0.8,207478,107.478,28.9555,40,187.856,27.5,19975,3870.59,5.16072,0.399385,6,81
30,0.96,45,0,1,242865,142.865,26.2343,29,187.856,34.4828,22497.6,4321.63,5.20581,0.485395,5,107.586
30,0.96,45,0,1.2,206640,106.64,31.1261,26,187.856,38.4615,16874.3,3881.43,4.34745,0.424733,6,109.577
30,0.96,45,3,0,230730,130.73,30.0327,40,187.856,27.5,22521.3,4034.65,5.58198,0.4432,7,82.4
30,0.96,45,3,0.8,216775,116.775,28.9565,39,187.856,28.2051,20404,3845.3,5.30621,0.420151,6,82.8718
30,0.96,45,3,1,243765,143.765,26.2347,29,187.856,34.4828,22614,4335.53,5.21598,0.487246,5,107.517
30,0.96,45,3,1.2,199018,99.0176,33.6814,26,187.856,34.6154,17842.6,3621.51,4.92684,0.405943,6,109.462
30,0.96,45,5,0,233388,133.388,26.8929,39,187.856,25.641,24470.5,3838.49,6.37502,0.451119,6,83.9487
30,0.96,45,5,0.8,220198,120.198,26.9332,37,187.856,27.027,22031.8,3708.12,5.9415,0.42915,5,86.8649
30,0.96,45,5,1,245440,145.44,26.2357,28,187.856,32.1429,24439.4,3921.85,6.2316,0.491376,5,111.107
30,0.96,45,5,1.2,221813,121.813,29.8173,24,187.856,41.6667,17461.7,3771.77,4.62959,0.461609,6,118.5
30,0.96,45,10,0,245788,145.788,30.1727,35,187.856,28.5714,24257.7,3871.55,6.26562,0.481308,6,92.0286
30,0.96,45,10,0.8,238197,138.197,26.9309,34,187.856,29.4118,23178,3899.26,5.94419,0.469986,5,93.4412
30,0.96,45,10,1,252423,152.423,26.2348,26,187.856,34.6154,24648.2,4083,6.03679,0.508542,5,118.5
30,0.96,45,10,1.2,217082,117.082,29.5937,23,187.856,39.1304,18849.3,3754.41,5.02059,0.453035,5,122.739
30,0.96,50,0,0,218771,118.771,30.5224,37,187.856,29.7297,21470.1,4515.41,4.75486,0.423849,6,88.2432
30,0.96,50,0,0.8,202344,102.344,28.7478,36,187.856,30.5556,18796.5,4176.7,4.50033,0.391898,5,89.25
30,0.96,50,0,1,206789,106.789,27.8782,30,187.856,33.3333,18814.9,4068.01,4.6251,0.414199,6,101.3
30,0.96,50,0,1.2,193780,93.7796,29.887,24,187.856,37.5,16993,3943.81,4.30877,0.397275,4,116.125
30,0.96,50,3,0,227757,127.757,30.5224,36,187.856,30.5556,21826.9,4493.55,4.85737,0.442882,6,90.5278
30,0.96,50,3,0.8,210678,110.678,28.7478,35,187.856,31.4286,19120.1,4151.79,4.60527,0.411268,5,91.6286
30,0.96,50,3,1,206789,106.789,27.8782,30,187.856,33.3333,18814.9,4068.01,4.6251,0.414199,6,101.3
30,0.96,50,3,1.2,193780,93.7796,29.887,24,187.856,37.5,16993,3943.81,4.30877,0.397275,4,116.125
30,0.96,50,5,0,240525,140.525,30.5272,34,187.856,32.3529,22302.6,4556.69,4.89448,0.468926,6,95.5294
30,0.96,50,5,0.8,217805,117.805,28.7535,33,187.856,30.303,21015.3,4015.12,5.23403,0.428006,5,96.7576
30,0.96,50,5,1,212568,112.568,27.8804,28,187.856,32.1429,20846.2,3949.9,5.27766,0.428357,6,108.321
30,0.96,50,5,1.2,197723,97.7229,28.4568,23,187.856,39.1304,17309.7,4147.47,4.17356,0.407887,4,121.043
30,0.96,50,10,0,238611,138.611,31.9047,32,187.856,31.25,23296.9,4289.03,5.43175,0.469995,6,100.281
30,0.96,50,10,0.8,222498,122.498,29.8222,31,187.856,32.2581,21185.2,4254.98,4.97893,0.441539,5,101.903
30,0.96,50,10,1,215644,115.644,28.3445,27,187.856,33.3333,20784.2,3967.41,5.23873,0.439055,6,111.222
30,0.96,50,10,1.2,172493,72.4927,39.2409,26,187.856,34.6154,14913.3,3631.01,4.10721,0.345693,7,103.038
32,0.98,0,0,0,218023,118.023,27.1959,41,187.856,29.2683,20027.3,4217.39,4.74874,0.413288,8,81
32,0.98,0,0,0.8,231503,131.503,24.8743,36,187.856,33.3333,19793.3,4417.37,4.48079,0.443775,7,90.8333
32,0.98,0,0,1,282772,182.772,20.7132,29,187.856,41.3793,22688.7,5264.25,4.30996,0.542421,5,110.276
32,0.98,0,0,1.2,258841,158.841,20.6332,25,187.856,48,18497.5,4856.05,3.80916,0.517,3,121.16
32,0.98,0,3,0,212116,112.116,26.8679,41,187.856,29.2683,19200.5,4078.98,4.70719,0.401276,8,80.8537
32,0.98,0,3,0.8,219885,119.885,24.8742,36,187.856,33.3333,18431.4,4220.52,4.36711,0.42102,7,90.6389
32,0.98,0,3,1,248134,148.134,20.7132,29,187.856,41.3793,19368.3,4958.01,3.90648,0.483736,5,109.759
32,0.98,0,3,1.2,241047,141.047,20.9098,25,187.856,48,16846.2,4700.53,3.58388,0.484339,3,120.6
32,0.98,0,5,0,250744,150.744,24.5111,35,187.856,34.2857,20804,4300.19,4.83793,0.479457,6,94.3429
32,0.98,0,5,0.8,256920,156.92,22.8833,31,187.856,38.7097,20007.9,4377.63,4.57048,0.494475,5,104.935
32,0.98,0,5,1,261996,161.996,20.7132,27,187.856,44.4444,19681.9,4945.84,3.97949,0.509701,4,117.667
32,0.98,0,5,1.2,257289,157.289,20.9711,23,187.856,52.1739,17417,4701.32,3.70469,0.516885,3,130.652
32,0.98,0,10,0,245528,145.528,22.6068,32,187.856,37.5,19083.3,4173.58,4.5724,0.473913,5,101.656
32,0.98,0,10,0.8,233714,133.714,22.8784,31,187.856,38.7097,18236.9,4480.47,4.07031,0.452567,5,104
32,0.98,0,10,1,304115,204.115,20.7132,25,187.856,48,22892.7,5430.62,4.21549,0.57912,3,127
32,0.98,0,10,1.2,250121,150.121,21.6894,23,187.856,52.1739,16810.4,4691.26,3.58334,0.505657,3,129.783
32,0.98,40,0,0,209145,109.145,27.1614,41,187.856,29.2683,18998.1,4097.68,4.63632,0.395011,8,80.9024
32,0.98,40,0,0.8,222061,122.061,24.875,36,187.856,33.3333,18752.5,4290.37,4.37084,0.425336,7,90.7222
32,0.98,40,0,1,242992,142.992,20.7148,29,187.856,41.3793,18838.5,4886.43,3.85526,0.474184,5,109.759
32,0.98,40,0,1.2,250254,150.254,20.6361,24,187.856,50,17322.4,4801.27,3.60788,0.50299,3,125.375
32,0.98,40,3,0,207034,107.034,26.8679,41,187.856,29.2683,18665.2,4032.7,4.62845,0.390641,8,80.8293
32,0.98,40,3,0.8,219885,119.885,24.8742,36,187.856,33.3333,18431.4,4220.52,4.36711,0.42102,7,90.6389
32,0.98,40,3,1,243651,143.651,20.7148,29,187.856,41.3793,18868.5,4868.84,3.87535,0.475462,5,109.724
32,0.98,40,3,1.2,243094,143.094,20.6353,24,187.856,50,16600.1,4675.61,3.55036,0.48933,3,125.292
32,0.98,40,5,0,250744,150.744,24.5111,35,187.856,34.2857,20804,4300.19,4.83793,0.479457,6,94.3429
32,0.98,40,5,0.8,256920,156.92,22.8833,31,187.856,38.7097,20007.9,4377.63,4.57048,0.494475,5,104.935
32,0.98,40,5,1,257251,157.251,20.7148,27,187.856,44.4444,19175.4,4856.92,3.94805,0.501409,4,117.63
32,0.98,40,5,1.2,259702,159.702,20.6329,22,187.856,54.5455,17176.4,4641.47,3.70064,0.522389,2,136.273
32,0.98,40,10,0,245528,145.528,22.6068,32,187.856,37.5,19083.3,4173.58,4.5724,0.473913,5,101.656
32,0.98,40,10,0.8,233714,133.714,22.8784,31,187.856,38.7097,18236.9,4480.47,4.07031,0.452567,5,104
32,0.98,40,10,1,269143,169.143,20.7148,25,187.856,48,19564.9,5048.95,3.87505,0.524042,3,126.52
32,0.98,40,10,1.2,259008,159.008,20.6336,22,187.856,54.5455,17109,4630.08,3.69519,0.522066,2,136.045
32,0.98,45,0,0,205183,105.183,28.3516,39,187.856,25.641,21885.1,3919.6,5.5835,0.387289,7,84.7692
32,0.98,45,0,0.8,215565,115.565,26.8063,34,187.856,29.4118,21467.9,4129.72,5.19839,0.412833,6,95.6765
32,0.98,45,0,1,226249,126.249,27.6582,27,187.856,37.037,20747.9,4778.25,4.34215,0.448528,5,115.296
32,0.98,45,0,1.2,206472,106.472,31.3103,25,187.856,40,16979.8,4221.72,4.022,0.423025,6,113.8
32,0.98,45,3,0,204991,104.991,28.3532,39,187.856,25.641,21857.9,3916.81,5.58053,0.386939,7,84.7179
32,0.98,45,3,0.8,215336,115.336,26.8083,34,187.856,29.4118,21437.7,4126.68,5.19489,0.412433,6,95.6176
32,0.98,45,3,1,226249,126.249,27.6582,27,187.856,37.037,20747.9,4778.25,4.34215,0.448528,5,115.296
32,0.98,45,3,1.2,206472,106.472,31.3103,25,187.856,40,16979.8,4221.72,4.022,0.423025,6,113.8
32,0.98,45,5,0,244383,144.383,26.4513,34,187.856,29.4118,24545.1,4211.17,5.82858,0.469261,6,96.8529
32,0.98,45,5,0.8,247674,147.674,24.867,30,187.856,33.3333,23409.4,4320.99,5.4176,0.479289,5,108.067
32,0.98,45,5,1,232304,132.304,27.6582,26,187.856,38.4615,20732.7,4688.91,4.42164,0.461415,5,119.615
32,0.98,45,5,1.2,214544,114.544,31.3128,24,187.856,41.6667,17282.1,4162.6,4.15175,0.44296,6,118.292
32,0.98,45,10,0,246408,146.408,24.5918,31,187.856,32.2581,22980.9,3971.47,5.7865,0.477801,5,104.677
32,0.98,45,10,0.8,231942,131.942,24.8665,30,187.856,33.3333,21804,4304.9,5.06492,0.451245,5,107.133
32,0.98,45,10,1,239792,139.792,27.6582,25,187.856,40,21015,4690.59,4.48026,0.477829,5,123.92
32,0.98,45,10,1.2,220156,120.156,29.3176,23,187.856,43.4783,17635.3,4322.88,4.07953,0.457652,5,122.957
32,0.98,50,0,0,215867,115.867,30.5702,36,187.856,27.7778,22477.7,4188.85,5.36609,0.417431,7,90.1944
32,0.98,50,0,0.8,224689,124.689,28.7988,31,187.856,32.2581,21559.4,4328.82,4.98043,0.441479,6,102.839
32,0.98,50,0,1,223189,123.189,28.9968,27,187.856,37.037,20112.9,4584.71,4.38696,0.450089,6,112.296
32,0.98,50,0,1.2,219279,119.279,26.951,23,187.856,43.4783,17784.1,4504.8,3.94781,0.458663,4,121.696
32,0.98,50,3,0,215867,115.867,30.5702,36,187.856,27.7778,22477.7,4188.85,5.36609,0.417431,7,90.1944
32,0.98,50,3,0.8,224689,124.689,28.7988,31,187.856,32.2581,21559.4,4328.82,4.98043,0.441479,6,102.839
32,0.98,50,3,1,223189,123.189,28.9968,27,187.856,37.037,20112.9,4584.71,4.38696,0.450089,6,112.296
32,0.98,50,3,1.2,219279,119.279,26.951,23,187.856,43.4783,17784.1,4504.8,3.94781,0.458663,4,121.696
32,0.98,50,5,0,225402,125.402,30.571,34,187.856,29.4118,22503.2,4151.24,5.42084,0.439067,7,95.1176
32,0.98,50,5,0.8,229590,129.59,28.7969,30,187.856,33.3333,21383,4212.01,5.07667,0.453157,6,105.933
32,0.98,50,5,1,229308,129.308,28.9968,26,187.856,38.4615,20112.9,4488.8,4.48069,0.463612,6,116.538
32,0.98,50,5,1.2,206344,106.344,28.6563,24,187.856,41.6667,16642.5,4291.51,3.87801,0.428512,4,116.208
32,0.98,50,10,0,226937,126.937,32.6547,31,187.856,32.2581,20915.2,3915,5.34234,0.446667,6,102.903
32,0.98,50,10,0.8,230261,130.261,28.798,29,187.856,34.4828,21135.8,4268.29,4.95182,0.455932,5,108.759
32,0.98,50,10,1,234499,134.499,28.9968,25,187.856,40,20096.2,4430.89,4.53549,0.476028,6,120.44
32,0.98,50,10,1.2,213844,113.844,26.9511,22,187.856,45.4545,16473.1,4240.57,3.88464,0.448581,4,124.864
32,0.97,0,0,0,235394,135.394,27.6723,35,187.856,28.5714,25825.1,4914.3,5.2551,0.444965,6,95.8
32,0.97,0,0,0.8,243901,143.901,25.1064,31,187.856,32.2581,25184.7,5140.32,4.89945,0.463914,5,106.71
32,0.97,0,0,1,298584,198.584,21.6095,25,187.856,40,28648,5859.75,4.88895,0.56364,4,129.08
32,0.97,0,0,1.2,271953,171.953,21.5337,21,187.856,47.619,23296.8,5546.86,4.2,0.536703,3,145.667
32,0.97,0,3,0,228380,128.38,27.6692,35,187.856,28.5714,24740.4,4760.98,5.1965,0.431824,6,95.6571
32,0.97,0,3,0.8,231014,131.014,25.1062,31,187.856,32.2581,23415.3,4911.35,4.76759,0.440163,5,106.516
32,0.97,0,3,1,261281,161.281,21.6095,25,187.856,40,24404.2,5517.4,4.42314,0.504281,4,128.52
32,0.97,0,3,1.2,253247,153.247,21.5349,21,187.856,47.619,21228.4,5366.94,3.95539,0.504421,3,145
32,0.97,0,5,0,263119,163.119,25.3546,30,187.856,33.3333,26391.1,5039.61,5.23674,0.4976,5,111.233
32,0.97,0,5,0.8,262980,162.98,22.9703,27,187.856,37.037,25013.2,5126.58,4.87911,0.500805,4,122
32,0.97,0,5,1,268284,168.284,21.6095,24,187.856,41.6667,24387.6,5399.42,4.51671,0.51679,4,133.75
32,0.97,0,5,1.2,262921,162.921,21.5333,20,187.856,50,21568.3,5276.13,4.08789,0.522963,3,151.9
32,0.97,0,10,0,246610,146.61,22.2475,29,187.856,34.4828,23522.9,4664.19,5.0433,0.472634,4,113.517
32,0.97,0,10,0.8,236541,136.541,22.9687,28,187.856,35.7143,22555.6,4945.26,4.56105,0.454478,4,116.714
32,0.97,0,10,1,311452,211.452,21.6095,22,187.856,45.4545,28332.1,5989.06,4.73064,0.58556,4,145.818
32,0.97,0,10,1.2,255594,155.594,21.6898,20,187.856,50,20824.5,5265.1,3.9552,0.511851,3,150.9
32,0.97,40,0,0,225766,125.766,27.6672,35,187.856,28.5714,24480.5,4761.56,5.14127,0.426837,6,95.6857
32,0.97,40,0,0.8,233952,133.952,25.1014,31,187.856,32.2581,23858,4982.29,4.78856,0.445703,5,106.581
32,0.97,40,0,1,256576,156.576,21.6101,25,187.856,40,23785,5418.29,4.38977,0.496104,4,128.48
32,0.97,40,0,1.2,262955,162.955,21.5348,20,187.856,50,21827.7,5532.17,3.94559,0.522937,3,151.95
32,0.97,40,3,0,222947,122.947,27.669,35,187.856,28.5714,24030.7,4694.4,5.11901,0.421373,6,95.6286
32,0.97,40,3,0.8,231014,131.014,25.1062,31,187.856,32.2581,23415.3,4911.35,4.76759,0.440163,5,106.516
32,0.97,40,3,1,256576,156.576,21.6101,25,187.856,40,23785,5418.29,4.38977,0.496104,4,128.48
32,0.97,40,3,1.2,255398,155.398,21.5298,20,187.856,50,20926.5,5386.65,3.88488,0.509422,3,151.85
32,0.97,40,5,0,263119,163.119,25.3546,30,187.856,33.3333,26391.1,5039.61,5.23674,0.4976,5,111.233
32,0.97,40,5,0.8,262980,162.98,22.9703,27,187.856,37.037,25013.2,5126.58,4.87911,0.500805,4,122
32,0.97,40,5,1,263450,163.45,21.6101,24,187.856,41.6667,23768.6,5302.56,4.48248,0.50861,4,133.708
32,0.97,40,5,1.2,265340,165.34,21.5338,19,187.856,52.6316,21268.4,5260.34,4.04315,0.528376,3,159.526
32,0.97,40,10,0,246610,146.61,22.2475,29,187.856,34.4828,23522.9,4664.19,5.0433,0.472634,4,113.517
32,0.97,40,10,0.8,236541,136.541,22.9687,28,187.856,35.7143,22555.6,4945.26,4.56105,0.454478,4,116.714
32,0.97,40,10,1,275594,175.594,21.6101,22,187.856,45.4545,24243.7,5570.29,4.35233,0.53098,4,145.273
32,0.97,40,10,1.2,264650,164.65,21.5307,19,187.856,52.6316,21187.6,5247.3,4.03781,0.52807,3,159.263
32,0.97,45,0,0,215223,115.223,29.288,34,187.856,26.4706,25735,4655.7,5.52764,0.406135,6,98.3529
32,0.97,45,0,0.8,222979,122.979,27.0237,30,187.856,30,25065.4,4886.19,5.12984,0.424781,5,109.967
32,0.97,45,0,1,234501,134.501,28.2791,24,187.856,37.5,24055,5466.28,4.40062,0.460736,5,131.625
32,0.97,45,0,1.2,217454,117.454,31.763,22,187.856,40.9091,19911.1,4749.65,4.19212,0.441827,6,133
32,0.97,45,3,0,214936,114.936,29.2858,34,187.856,26.4706,25691.2,4651.4,5.52332,0.405642,6,98.2941
32,0.97,45,3,0.8,222764,122.764,27.0326,30,187.856,30,25034.3,4883.06,5.12676,0.424401,5,109.9
32,0.97,45,3,1,234501,134.501,28.2791,24,187.856,37.5,24055,5466.28,4.40062,0.460736,5,131.625
32,0.97,45,3,1.2,217454,117.454,31.763,22,187.856,40.9091,19911.1,4749.65,4.19212,0.441827,6,133
32,0.97,45,5,0,256776,156.776,27.2735,29,187.856,31.0345,28919.2,5174.82,5.58844,0.488176,5,114.828
32,0.97,45,5,0.8,256740,156.74,24.9549,26,187.856,34.6154,27401,5286.39,5.18331,0.49143,4,126.423
32,0.97,45,5,1,240777,140.777,28.2791,23,187.856,39.1304,24037.7,5397.32,4.45365,0.473444,5,137.217
32,0.97,45,5,1.2,225986,125.986,31.7644,21,187.856,42.8571,20261,4696.93,4.31368,0.461379,6,139.048
32,0.97,45,10,0,247850,147.85,24.2507,28,187.856,32.1429,26323.7,4687.57,5.61564,0.477095,4,117.357
32,0.97,45,10,0.8,237663,137.663,24.9501,27,187.856,33.3333,25235.8,4969.97,5.07765,0.458764,4,120.815
32,0.97,45,10,1,248498,148.498,28.2791,22,187.856,40.9091,24358.3,5440.53,4.4772,0.489587,5,142.909
32,0.97,45,10,1.2,232505,132.505,29.5892,20,187.856,45,20733.8,4918.14,4.21578,0.477204,5,145.45
32,0.97,50,0,0,238471,138.471,31.3158,30,187.856,30,27378.2,5139.69,5.32683,0.4588,6,110.1
32,0.97,50,0,0.8,238610,138.61,29.5647,26,187.856,34.6154,25597.1,5397.88,4.74207,0.463402,5,125.231
32,0.97,50,0,1,241240,141.24,29.8773,23,187.856,39.1304,23975,5323.93,4.50325,0.480372,6,134.913
32,0.97,50,0,1.2,235204,135.204,27.8595,19,187.856,47.3684,21154.5,5518.67,3.83326,0.483447,4,152.947
32,0.97,50,3,0,238471,138.471,31.3158,30,187.856,30,27378.2,5139.69,5.32683,0.4588,6,110.1
32,0.97,50,3,0.8,238610,138.61,29.5647,26,187.856,34.6154,25597.1,5397.88,4.74207,0.463402,5,125.231
32,0.97,50,3,1,241240,141.24,29.8773,23,187.856,39.1304,23975,5323.93,4.50325,0.480372,6,134.913
32,0.97,50,3,1.2,235204,135.204,27.8595,19,187.856,47.3684,21154.5,5518.67,3.83326,0.483447,4,152.947
32,0.97,50,5,0,248983,148.983,31.3186,28,187.856,32.1429,27415,5144.83,5.32865,0.480266,6,117.5
32,0.97,50,5,0.8,243741,143.741,29.5651,25,187.856,36,25382.3,5293.72,4.7948,0.474834,5,129.84
32,0.97,50,5,1,247854,147.854,29.8773,22,187.856,40.9091,23975,5224.69,4.58878,0.493628,6,140.955
32,0.97,50,5,1.2,221336,121.336,28.7156,20,187.856,40,22470.1,4868.72,4.6152,0.45424,4,144.8
32,0.97,50,10,0,234020,134.02,32.9052,27,187.856,33.3333,24546.9,4827.89,5.08439,0.455242,6,120.63
32,0.97,50,10,0.8,237821,137.821,29.5653,25,187.856,36,24804,5338.4,4.64633,0.464011,5,129.28
32,0.97,50,10,1,258524,158.524,29.8773,21,187.856,42.8571,24604.3,5242.91,4.69287,0.514868,6,147.333
32,0.97,50,10,1.2,237097,137.097,27.8596,18,187.856,44.4444,23324.5,4949.88,4.71213,0.489488,4,160.5
32,0.96,0,0,0,239687,139.687,28.3432,34,187.856,26.4706,29598.9,5068.11,5.84022,0.452032,6,99.1765
32,0.96,0,0,0.8,247430,147.43,26.3446,30,187.856,30,28792.4,5319.11,5.41302,0.469247,5,110.9
32,0.96,0,0,1,304067,204.067,22.9039,24,187.856,37.5,32776.3,6061.3,5.40747,0.570478,4,135.292
32,0.96,0,0,1.2,277467,177.467,22.8286,20,187.856,45,26809.3,5801.51,4.62109,0.544733,3,154
32,0.96,0,3,0,232548,132.548,28.3439,34,187.856,26.4706,28368.6,4910.77,5.77681,0.438926,6,99.0294
32,0.96,0,3,0.8,234311,134.311,26.3426,30,187.856,30,26783.3,5082.8,5.2694,0.445513,5,110.7
32,0.96,0,3,1,266054,166.054,22.9039,24,187.856,37.5,27971.1,5712.38,4.89658,0.511325,4,134.708
32,0.96,0,3,1.2,258422,158.422,22.83,20,187.856,45,24463.3,5613.44,4.35799,0.51265,3,153.3
32,0.96,0,5,0,265514,165.514,26.3031,29,187.856,31.0345,29970.2,5210.89,5.75145,0.500571,5,115.69
32,0.96,0,5,0.8,266782,166.782,24.2406,26,187.856,34.6154,28602.1,5331.56,5.36467,0.506025,4,127.423
32,0.96,0,5,1,273182,173.182,22.9039,23,187.856,39.1304,27952.4,5599.31,4.99212,0.523786,4,140.435
32,0.96,0,5,1.2,268251,168.251,22.8294,19,187.856,47.3684,24845.3,5535.71,4.4882,0.531088,3,161
32,0.96,0,10,0,244981,144.981,23.5314,28,187.856,32.1429,26314.8,4834.34,5.44331,0.468661,4,118.143
32,0.96,0,10,0.8,239894,139.894,24.2399,27,187.856,33.3333,25816.9,5136.52,5.02614,0.459799,4,121.741
32,0.96,0,10,1,317227,217.227,22.9039,21,187.856,42.8571,32424.9,6216.44,5.216,0.592409,4,153.714
32,0.96,0,10,1.2,260793,160.793,22.8278,19,187.856,47.3684,24003.7,5524.03,4.34532,0.520076,3,159.947
32,0.96,40,0,0,229926,129.926,28.3428,34,187.856,26.4706,28079.4,4911.56,5.71701,0.434023,6,99.0588
32,0.96,40,0,0.8,237361,137.361,26.3404,30,187.856,30,27294.4,5156.58,5.29312,0.451133,5,110.767
32,0.96,40,0,1,261290,161.29,22.9063,24,187.856,37.5,27270.5,5609.65,4.86136,0.503212,4,134.667
32,0.96,40,0,1.2,268311,168.311,22.8306,19,187.856,47.3684,25142.9,5797.53,4.33683,0.53108,3,161.053
32,0.96,40,3,0,227009,127.009,28.3439,34,187.856,26.4706,27563.1,4842.37,5.69207,0.428507,6,99
32,0.96,40,3,0.8,234311,134.311,26.3426,30,187.856,30,26783.3,5082.8,5.2694,0.445513,5,110.7
32,0.96,40,3,1,261290,161.29,22.9063,24,187.856,37.5,27270.5,5609.65,4.86136,0.503212,4,134.667
32,0.96,40,3,1.2,260592,160.592,22.827,19,187.856,47.3684,24114.4,5643.73,4.27277,0.517622,3,160.947
32,0.96,40,5,0,265514,165.514,26.3031,29,187.856,31.0345,29970.2,5210.89,5.75145,0.500571,5,115.69
32,0.96,40,5,0.8,266782,166.782,24.2406,26,187.856,34.6154,28602.1,5331.56,5.36467,0.506025,4,127.423
32,0.96,40,5,1,268293,168.293,22.9063,23,187.856,39.1304,27252.1,5498.25,4.95649,0.515683,4,140.391
32,0.96,40,5,1.2,270795,170.795,22.8282,18,187.856,50,24511.1,5533.91,4.42925,0.536575,3,169.556
32,0.96,40,10,0,244981,144.981,23.5314,28,187.856,32.1429,26314.8,4834.34,5.44331,0.468661,4,118.143
32,0.96,40,10,0.8,239894,139.894,24.2399,27,187.856,33.3333,25816.9,5136.52,5.02614,0.459799,4,121.741
32,0.96,40,10,1,280686,180.686,22.9063,21,187.856,42.8571,27792.9,5787.45,4.80226,0.538022,4,153.143
32,0.96,40,10,1.2,270033,170.033,22.828,18,187.856,50,24413.5,5520.91,4.42201,0.536205,3,169.278
32,0.96,45,0,0,219100,119.1,30.1898,33,187.856,24.2424,29876.3,4796.4,6.22889,0.413246,6,101.909
32,0.96,45,0,0.8,226193,126.193,28.2288,29,187.856,27.5862,29029,5049.48,5.74891,0.43024,5,114.414
32,0.96,45,0,1,242848,142.848,28.2791,23,187.856,34.7826,28345.4,5594.32,5.06681,0.476123,5,138.174
32,0.96,45,0,1.2,225641,125.641,31.763,21,187.856,38.0952,23576.1,4843.66,4.86741,0.458994,6,140.286
32,0.96,45,3,0,218892,118.892,30.1888,33,187.856,24.2424,29836.5,4792.03,6.22628,0.412897,6,101.848
32,0.96,45,3,0.8,225916,125.916,28.236,29,187.856,27.5862,28982.9,5045.1,5.74477,0.429777,5,114.345
32,0.96,45,3,1,242848,142.848,28.2791,23,187.856,34.7826,28345.4,5594.32,5.06681,0.476123,5,138.174
32,0.96,45,3,1.2,225641,125.641,31.763,21,187.856,38.0952,23576.1,4843.66,4.86741,0.458994,6,140.286
32,0.96,45,5,0,259145,159.145,28.1995,28,187.856,28.5714,33268.4,5350.11,6.21826,0.491203,5,119.571
32,0.96,45,5,0.8,260416,160.416,26.1941,25,187.856,32,31728.8,5494.96,5.77416,0.496649,4,132.24
32,0.96,45,5,1,249350,149.35,28.2791,22,187.856,36.3636,28325.5,5518.17,5.13313,0.488805,5,144.318
32,0.96,45,5,1.2,234437,134.437,31.7644,20,187.856,40,23976.9,4781.5,5.01451,0.478405,6,147
32,0.96,45,10,0,246112,146.112,25.5019,27,187.856,29.6296,29803.3,4858.65,6.13407,0.472947,4,122.296
32,0.96,45,10,0.8,241037,141.037,26.1905,26,187.856,30.7692,29248.2,5163.79,5.66409,0.464082,4,126.192
32,0.96,45,10,1,257366,157.366,28.2791,21,187.856,38.0952,28700.5,5556.77,5.16497,0.504986,5,150.619
32,0.96,45,10,1.2,241240,141.24,29.5892,19,187.856,42.1053,24548,5013.12,4.89675,0.494304,5,154.158
32,0.96,50,0,0,241903,141.903,32.4505,29,187.856,27.5862,31673.9,5308.98,5.9661,0.464168,6,114.552
32,0.96,50,0,0.8,242020,142.02,30.7275,25,187.856,32,29642.5,5595.32,5.29773,0.468781,5,131
32,0.96,50,0,1,249853,149.853,29.8773,22,187.856,36.3636,28268.9,5449.83,5.18711,0.495984,6,141.909
32,0.96,50,0,1.2,244022,144.022,27.8595,18,187.856,44.4444,25048.5,5636.68,4.44385,0.500524,4,162.556
32,0.96,50,3,0,241903,141.903,32.4505,29,187.856,27.5862,31673.9,5308.98,5.9661,0.464168,6,114.552
32,0.96,50,3,0.8,242020,142.02,30.7275,25,187.856,32,29642.5,5595.32,5.29773,0.468781,5,131
32,0.96,50,3,1,249853,149.853,29.8773,22,187.856,36.3636,28268.9,5449.83,5.18711,0.495984,6,141.909
32,0.96,50,3,1.2,244022,144.022,27.8595,18,187.856,44.4444,25048.5,5636.68,4.44385,0.500524,4,162.556
32,0.96,50,5,0,250253,150.253,32.4539,27,187.856,29.6296,31413.7,5318.75,5.90622,0.481446,6,122.519
32,0.96,50,5,0.8,247267,147.267,30.7272,24,187.856,33.3333,29404,5497.81,5.34831,0.480225,5,136.042
32,0.96,50,5,1,256701,156.701,29.8773,21,187.856,38.0952,28268.9,5342.32,5.29149,0.509204,6,148.571
32,0.96,50,5,1.2,229633,129.633,28.7156,19,187.856,36.8421,27024.1,4961.29,5.44699,0.471471,4,153.474
32,0.96,50,10,0,236358,136.358,32.9052,26,187.856,30.7692,28198.7,4957.35,5.68827,0.459089,6,125.846
32,0.96,50,10,0.8,241194,141.194,30.7256,24,187.856,33.3333,28731.4,5541.05,5.18519,0.469376,5,135.458
32,0.96,50,10,1,267722,167.722,29.8773,20,187.856,40,28999.5,5356.15,5.41425,0.530359,6,155.65
32,0.96,50,10,1.2,246004,146.004,27.8596,17,187.856,41.1765,28059.9,5041.55,5.56573,0.506655,4,171.118
35,0.98,0,0,0,231029,131.029,27.8252,36,187.856,25,29357.1,4932.76,5.95145,0.436805,7,92.7778
35,0.98,0,0,0.8,253950,153.95,23.5668,32,187.856,28.125,30101.9,5085.53,5.91912,0.48246,6,103.031
35,0.98,0,0,1,305324,205.324,21.6027,26,187.856,34.6154,34064.7,5956.41,5.719,0.572866,5,124.192
35,0.98,0,0,1.2,267986,167.986,19.9475,21,187.856,42.8571,25515.8,5138,4.96609,0.527994,3,145.143
35,0.98,0,3,0,223728,123.728,28.0733,36,187.856,25,28115,4789.14,5.87057,0.422725,7,92.6111
35,0.98,0,3,0.8,240127,140.127,23.8284,32,187.856,28.125,28035.5,4877.92,5.74743,0.457867,6,102.812
35,0.98,0,3,1,267905,167.905,21.3567,26,187.856,34.6154,29228.3,5597.05,5.22209,0.514955,5,123.615
35,0.98,0,3,1.2,256949,156.949,20.9111,21,187.856,42.8571,24247.9,5106.91,4.74807,0.5093,3,144.571
35,0.98,0,5,0,254673,154.673,24.5443,31,187.856,29.0323,29317.7,4963.05,5.9072,0.483325,6,107.065
35,0.98,0,5,0.8,258226,158.226,21.0226,28,187.856,32.1429,28047.1,4957.8,5.65717,0.493429,5,117.071
35,0.98,0,5,1,327428,227.428,18.5119,23,187.856,39.1304,34531.5,5953.96,5.79975,0.607335,3,139.652
35,0.98,0,5,1.2,271186,171.186,20.9747,19,187.856,47.3684,24648,5064.57,4.86676,0.535772,3,159.474
35,0.98,0,10,0,274286,174.286,20.6523,27,187.856,33.3333,29291.9,4963.4,5.90158,0.519921,4,121.593
35,0.98,0,10,0.8,259667,159.667,21.2894,27,187.856,33.3333,27927.7,5093.47,5.48304,0.496364,4,120.741
35,0.98,0,10,1,334015,234.015,19.0164,22,187.856,40.9091,34620.6,5966.92,5.80209,0.617446,3,145.682
35,0.98,0,10,1.2,264348,164.348,21.6915,19,187.856,47.3684,23890.3,5066.42,4.71542,0.525142,3,158.684
35,0.98,40,0,0,221584,121.584,27.8231,36,187.856,25,27873.7,4788.12,5.82142,0.41865,7,92.6667
35,0.98,40,0,0.8,243599,143.599,23.5633,32,187.856,28.125,28568,4935.37,5.78842,0.464247,6,102.906
35,0.98,40,0,1,262397,162.397,21.5755,26,187.856,34.6154,28463.7,5516.27,5.15995,0.50559,5,123.615
35,0.98,40,0,1.2,259066,159.066,18.7809,20,187.856,45,23897.3,5091.77,4.69331,0.514225,3,151.4
35,0.98,40,3,0,218431,118.431,28.0703,36,187.856,25,27349.6,4730.22,5.7819,0.412303,7,92.5833
35,0.98,40,3,0.8,240127,140.127,23.8284,32,187.856,28.125,28035.5,4877.92,5.74743,0.457867,6,102.812
35,0.98,40,3,1,263152,163.152,21.3576,26,187.856,34.6154,28511.8,5497.3,5.18651,0.506905,5,123.577
35,0.98,40,3,1.2,259066,159.066,18.7809,20,187.856,45,23897.3,5091.77,4.69331,0.514225,3,151.4
35,0.98,40,5,0,254673,154.673,24.5443,31,187.856,29.0323,29317.7,4963.05,5.9072,0.483325,6,107.065
35,0.98,40,5,0.8,258226,158.226,21.0226,28,187.856,32.1429,28047.1,4957.8,5.65717,0.493429,5,117.071
35,0.98,40,5,1,289763,189.763,18.5126,23,187.856,39.1304,29654,5508.79,5.38304,0.553059,3,139.13
35,0.98,40,5,1.2,273721,173.721,18.7819,18,187.856,50,24315.9,5013.61,4.84998,0.541267,2,167.944
35,0.98,40,10,0,274286,174.286,20.6523,27,187.856,33.3333,29291.9,4963.4,5.90158,0.519921,4,121.593
35,0.98,40,10,0.8,259667,159.667,21.2894,27,187.856,33.3333,27927.7,5093.47,5.48304,0.496364,4,120.741
35,0.98,40,10,1,295575,195.575,19.0146,22,187.856,40.9091,29730.8,5538.63,5.36789,0.5631,3,145.136
35,0.98,40,10,1.2,273721,173.721,18.7819,18,187.856,50,24315.9,5013.61,4.84998,0.541267,2,167.944
35,0.98,45,0,0,231177,131.177,25.8364,34,187.856,26.4706,28162.4,4891.38,5.75756,0.438233,6,97.8235
35,0.98,45,0,0.8,251361,151.361,22.1791,30,187.856,30,28695.5,5090.41,5.63717,0.479265,5,109.367
35,0.98,45,0,1,272559,172.559,19.89,24,187.856,37.5,28672.3,5699.46,5.03071,0.525314,4,133.042
35,0.98,45,0,1.2,254464,154.464,18.7831,19,187.856,47.3684,23227.9,5458.63,4.25525,0.510523,2,156.211
35,0.98,45,3,0,231177,131.177,25.8364,34,187.856,26.4706,28162.4,4891.38,5.75756,0.438233,6,97.8235
35,0.98,45,3,0.8,251361,151.361,22.1791,30,187.856,30,28695.5,5090.41,5.63717,0.479265,5,109.367
35,0.98,45,3,1,272559,172.559,19.89,24,187.856,37.5,28672.3,5699.46,5.03071,0.525314,4,133.042
35,0.98,45,3,1.2,254464,154.464,18.7831,19,187.856,47.3684,23227.9,5458.63,4.25525,0.510523,2,156.211
35,0.98,45,5,0,252674,152.674,24.6608,31,187.856,29.0323,29201.5,5006.33,5.83292,0.47927,6,106.968
35,0.98,45,5,0.8,253443,153.443,21.9978,28,187.856,32.1429,27753.6,5070.5,5.47355,0.484464,5,116.893
35,0.98,45,5,1,291867,191.867,18.5081,22,187.856,40.9091,29360.2,5567.26,5.27371,0.558448,3,144.682
35,0.98,45,5,1.2,261438,161.438,18.7831,18,187.856,50,23227.9,5290.33,4.39063,0.523957,2,164.778
35,0.98,45,10,0,272959,172.959,20.9281,27,187.856,33.3333,29219.1,5000.71,5.84299,0.517704,4,121.481
35,0.98,45,10,0.8,255566,155.566,21.5591,27,187.856,33.3333,27673,5193.95,5.32792,0.489212,4,120.556
35,0.98,45,10,1,288782,188.782,19.0129,22,187.856,40.9091,29008,5560.77,5.21654,0.553921,3,144.455
35,0.98,45,10,1.2,261438,161.438,18.7831,18,187.856,50,23227.9,5290.33,4.39063,0.523957,2,164.778
35,0.98,50,0,0,249769,149.769,26.3826,31,187.856,29.0323,29389.4,5215.26,5.63527,0.476417,6,106.129
35,0.98,50,0,0.8,261445,161.445,22.5652,28,187.856,32.1429,28602.2,5051.34,5.66231,0.501968,5,115.929
35,0.98,50,0,1,263026,163.026,21.4384,24,187.856,37.5,27196.4,5449.39,4.99072,0.512839,4,131.292
35,0.98,50,0,1.2,257828,157.828,18.7826,19,187.856,47.3684,23326,5210.65,4.47661,0.521129,2,154.211
35,0.98,50,3,0,249769,149.769,26.3826,31,187.856,29.0323,29389.4,5215.26,5.63527,0.476417,6,106.129
35,0.98,50,3,0.8,261445,161.445,22.5652,28,187.856,32.1429,28602.2,5051.34,5.66231,0.501968,5,115.929
35,0.98,50,3,1,263026,163.026,21.4384,24,187.856,37.5,27196.4,5449.39,4.99072,0.512839,4,131.292
35,0.98,50,3,1.2,257828,157.828,18.7826,19,187.856,47.3684,23326,5210.65,4.47661,0.521129,2,154.211
35,0.98,50,5,0,264904,164.904,26.385,29,187.856,31.0345,29619.8,5083.7,5.82643,0.503948,6,113.172
35,0.98,50,5,0.8,267106,167.106,22.5647,27,187.856,33.3333,28379.8,4906.26,5.7844,0.512241,5,120.074
35,0.98,50,5,1,281870,181.87,19.0146,22,187.856,40.9091,27871.4,5305.62,5.2532,0.546638,3,142.818
35,0.98,50,5,1.2,257828,157.828,18.7826,19,187.856,47.3684,23326,5210.65,4.47661,0.521129,2,154.211
35,0.98,50,10,0,280838,180.838,19.9498,26,187.856,34.6154,29299.6,4874.06,6.01134,0.534357,4,124.962
35,0.98,50,10,0.8,267244,167.244,19.5493,26,187.856,34.6154,28006.4,4989.05,5.61358,0.513808,4,123.885
35,0.98,50,10,1,276364,176.364,19.0143,22,187.856,40.9091,27158.5,5235.6,5.18728,0.537869,3,142.273
35,0.98,50,10,1.2,256307,156.307,18.7799,18,187.856,50,22269.3,4901.87,4.54301,0.519508,2,160.722
35,0.97,0,0,0,249466,149.466,31.4493,30,187.856,26.6667,35426.7,6088.53,5.8186,0.468066,5,112.4
35,0.97,0,0,0.8,267568,167.568,26.1991,27,187.856,29.6296,35838.1,6270.34,5.71549,0.502118,5,123.519
35,0.97,0,0,1,322309,222.309,20.9398,22,187.856,36.3636,40251.4,7121.62,5.65201,0.593604,3,148.091
35,0.97,0,0,1.2,281559,181.559,19.9505,17,187.856,47.0588,30125.7,6605.2,4.56091,0.547399,3,181.059
35,0.97,0,3,0,240824,140.824,31.6843,30,187.856,26.6667,33886.6,5921.29,5.72283,0.452792,5,112.233
35,0.97,0,3,0.8,252246,152.246,26.4518,27,187.856,29.6296,33316.5,6015.06,5.53884,0.476446,5,123.296
35,0.97,0,3,1,282039,182.039,20.9119,22,187.856,36.3636,34461.5,6689.5,5.15158,0.535023,3,147.455
35,0.97,0,3,1.2,269944,169.944,20.9123,17,187.856,47.0588,28623.8,6560.69,4.36292,0.528916,3,180.353
35,0.97,0,5,0,267146,167.146,26.4114,26,187.856,30.7692,34785,6174.1,5.63402,0.501224,4,129
35,0.97,0,5,0.8,264303,164.303,23.6961,24,187.856,33.3333,32823.6,6142.88,5.34335,0.499771,4,138.292
35,0.97,0,5,1,335292,235.292,18.7883,20,187.856,40,40037.8,7084.22,5.65169,0.613518,3,162.25
35,0.97,0,5,1.2,277142,177.142,20.9758,16,187.856,50,28616.2,6473.47,4.42053,0.541666,3,191.438
35,0.97,0,10,0,275518,175.518,21.8632,24,187.856,33.3333,33834.4,5947.36,5.68898,0.518295,4,138.417
35,0.97,0,10,0.8,262811,162.811,22.0403,24,187.856,33.3333,32359.7,6004.14,5.38957,0.497847,4,137.667
35,0.97,0,10,1,342042,242.042,19.0166,19,187.856,42.1053,40140.7,7189.43,5.5833,0.62354,3,170.421
35,0.97,0,10,1.2,270150,170.15,21.6923,16,187.856,50,27744.4,6475.71,4.28438,0.531145,3,190.5
35,0.97,40,0,0,239251,139.251,31.4484,30,187.856,26.6667,33613.2,5893.41,5.70353,0.450103,5,112.267
35,0.97,40,0,0.8,256603,156.603,26.1994,27,187.856,29.6296,33997.8,6072.58,5.59857,0.48401,5,123.37
35,0.97,40,0,1,276995,176.995,20.9131,22,187.856,36.3636,33620.9,6569.46,5.11776,0.526983,3,147.409
35,0.97,40,0,1.2,272240,172.24,18.783,16,187.856,50,28231.1,6701.07,4.21292,0.533883,2,191.125
35,0.97,40,3,0,235175,135.175,31.6822,30,187.856,26.6667,32935.6,5832.26,5.64713,0.442572,5,112.2
35,0.97,40,3,0.8,252246,152.246,26.4518,27,187.856,29.6296,33316.5,6015.06,5.53884,0.476446,5,123.296
35,0.97,40,3,1,276995,176.995,20.9131,22,187.856,36.3636,33620.9,6569.46,5.11776,0.526983,3,147.409
35,0.97,40,3,1.2,272240,172.24,18.783,16,187.856,50,28231.1,6701.07,4.21292,0.533883,2,191.125
35,0.97,40,5,0,267146,167.146,26.4114,26,187.856,30.7692,34785,6174.1,5.63402,0.501224,4,129
35,0.97,40,5,0.8,264303,164.303,23.6961,24,187.856,33.3333,32823.6,6142.88,5.34335,0.499771,4,138.292
35,0.97,40,5,1,296673,196.673,18.7931,20,187.856,40,34418.9,6556.51,5.24957,0.559681,3,161.65
35,0.97,40,5,1.2,279703,179.703,18.783,15,187.856,53.3333,28231.1,6592.15,4.28253,0.547036,2,203.733
35,0.97,40,10,0,275518,175.518,21.8632,24,187.856,33.3333,33834.4,5947.36,5.68898,0.518295,4,138.417
35,0.97,40,10,0.8,262811,162.811,22.0403,24,187.856,33.3333,32359.7,6004.14,5.38957,0.497847,4,137.667
35,0.97,40,10,1,302629,202.629,19.0142,19,187.856,42.1053,34508.7,6676.38,5.16878,0.569628,3,169.789
35,0.97,40,10,1.2,279703,179.703,18.783,15,187.856,53.3333,28231.1,6592.15,4.28253,0.547036,2,203.733
35,0.97,45,0,0,242466,142.466,29.5607,29,187.856,27.5862,33394.7,5937.67,5.62421,0.4564,5,116
35,0.97,45,0,0.8,260045,160.045,24.169,26,187.856,30.7692,33783.2,6123.4,5.51707,0.490408,4,127.962
35,0.97,45,0,1,281708,181.708,20.9132,21,187.856,38.0952,33473.3,6621.47,5.05528,0.535182,3,154.286
35,0.97,45,0,1.2,266725,166.725,18.7806,16,187.856,50,27405.1,6564.53,4.17473,0.524965,2,190.625
35,0.97,45,3,0,242466,142.466,29.5607,29,187.856,27.5862,33394.7,5937.67,5.62421,0.4564,5,116
35,0.97,45,3,0.8,260045,160.045,24.169,26,187.856,30.7692,33783.2,6123.4,5.51707,0.490408,4,127.962
35,0.97,45,3,1,281708,181.708,20.9132,21,187.856,38.0952,33473.3,6621.47,5.05528,0.535182,3,154.286
35,0.97,45,3,1.2,266725,166.725,18.7806,16,187.856,50,27405.1,6564.53,4.17473,0.524965,2,190.625
35,0.97,45,5,0,265517,165.517,26.8681,26,187.856,30.7692,34686.9,6220.99,5.57578,0.49795,4,128.962
35,0.97,45,5,0.8,262687,162.687,24.1671,24,187.856,33.3333,32730,6197.09,5.28152,0.496453,4,138.25
35,0.97,45,5,1,301703,201.703,18.79,19,187.856,42.1053,34277,6592.07,5.19972,0.567943,3,170
35,0.97,45,5,1.2,274034,174.034,18.7806,15,187.856,53.3333,27405.1,6458.11,4.24352,0.538133,2,203.2
35,0.97,45,10,0,274575,174.575,22.13,24,187.856,33.3333,33777.2,5977.66,5.65056,0.516757,4,138.375
35,0.97,45,10,0.8,261896,161.896,22.307,24,187.856,33.3333,32303.8,6033.37,5.35419,0.496295,4,137.625
35,0.97,45,10,1,298550,198.55,19.0147,19,187.856,42.1053,33872.3,6584.4,5.14433,0.563512,3,169.737
35,0.97,45,10,1.2,274034,174.034,18.7806,15,187.856,53.3333,27405.1,6458.11,4.24352,0.538133,2,203.2
35,0.97,50,0,0,275932,175.932,25.3942,25,187.856,32,36119.3,6648.38,5.4328,0.516171,4,133.84
35,0.97,50,0,0.8,277650,177.65,20.3694,23,187.856,34.7826,34230.5,6412.95,5.33772,0.522456,3,144.087
35,0.97,50,0,1,282182,182.182,20.9146,20,187.856,40,32471.1,6465.61,5.02213,0.537512,3,161.15
35,0.97,50,0,1.2,274482,174.482,18.7831,15,187.856,53.3333,27815.7,6863.39,4.05277,0.540105,2,202.533
35,0.97,50,3,0,275932,175.932,25.3942,25,187.856,32,36119.3,6648.38,5.4328,0.516171,4,133.84
35,0.97,50,3,0.8,277650,177.65,20.3694,23,187.856,34.7826,34230.5,6412.95,5.33772,0.522456,3,144.087
35,0.97,50,3,1,282182,182.182,20.9146,20,187.856,40,32471.1,6465.61,5.02213,0.537512,3,161.15
35,0.97,50,3,1.2,274482,174.482,18.7831,15,187.856,53.3333,27815.7,6863.39,4.05277,0.540105,2,202.533
35,0.97,50,5,0,292621,192.621,22.5351,23,187.856,34.7826,36408.5,6576.47,5.53618,0.543378,3,145.13
35,0.97,50,5,0.8,283541,183.541,20.3692,22,187.856,36.3636,33952.4,6291.3,5.39672,0.532461,3,150.455
35,0.97,50,5,1,302442,202.442,19.0175,18,187.856,44.4444,33292.5,6389.85,5.21022,0.570721,3,178.556
35,0.97,50,5,1.2,274482,174.482,18.7831,15,187.856,53.3333,27815.7,6863.39,4.05277,0.540105,2,202.533
35,0.97,50,10,0,289274,189.274,20.2576,22,187.856,36.3636,34668.9,6291.27,5.51064,0.54116,3,150.773
35,0.97,50,10,0.8,275946,175.946,20.2577,22,187.856,36.3636,33134.6,6366.45,5.20456,0.520748,3,149.955
35,0.97,50,10,1,302442,202.442,19.0175,18,187.856,44.4444,33292.5,6389.85,5.21022,0.570721,3,178.556
35,0.97,50,10,1.2,282006,182.006,18.7831,14,187.856,57.1429,27815.7,6753.25,4.11886,0.553337,2,216.857
35,0.96,0,0,0,250539,150.539,32.6442,29,187.856,24.1379,41223.2,6273.76,6.57073,0.468919,5,117
35,0.96,0,0,0.8,273184,173.184,25.998,26,187.856,26.9231,41905.5,6323.95,6.62648,0.510409,5,129
35,0.96,0,0,1,330472,230.472,21.3488,21,187.856,33.3333,47162.8,7119.16,6.62477,0.603663,3,156.095
35,0.96,0,0,1.2,289237,189.237,20.0553,16,187.856,43.75,35473.1,6563.91,5.40427,0.558815,3,193.688
35,0.96,0,3,0,241917,141.917,32.8742,29,187.856,24.1379,39449.1,6101.23,6.46577,0.453773,5,116.828
35,0.96,0,3,0.8,257550,157.55,26.2531,26,187.856,26.9231,38974.8,6067.04,6.42402,0.484817,5,128.769
35,0.96,0,3,1,289202,189.202,21.3212,21,187.856,33.3333,40406.1,6688.62,6.04102,0.545294,3,155.429
35,0.96,0,3,1.2,277294,177.294,20.3784,16,187.856,43.75,33709.9,6519.47,5.17064,0.540394,3,192.938
35,0.96,0,5,0,271438,171.438,26.8646,25,187.856,28,40468.8,6213.51,6.51302,0.507421,4,134.88
35,0.96,0,5,0.8,269964,169.964,23.4912,23,187.856,30.4348,38435.1,6192.57,6.20664,0.508245,4,145.13
35,0.96,0,5,1,343725,243.725,20.1301,19,187.856,36.8421,46900.8,7048.4,6.65411,0.623503,3,171.842
35,0.96,0,5,1.2,284636,184.636,20.4419,15,187.856,46.6667,33692.5,6401.47,5.26324,0.55306,3,205.6
35,0.96,0,10,0,275412,175.412,21.8641,23,187.856,30.4348,38726.2,5979.46,6.47654,0.517351,4,145.13
35,0.96,0,10,0.8,268374,168.374,21.8301,23,187.856,30.4348,37882.3,6050.15,6.26138,0.506277,4,144.478
35,0.96,0,10,1,350640,250.64,20.1301,18,187.856,38.8889,47019.9,7136.29,6.58885,0.633511,3,181
35,0.96,0,10,1.2,277461,177.461,21.1628,15,187.856,46.6667,32670.7,6404.19,5.10146,0.542612,3,204.6
35,0.96,40,0,0,240323,140.323,32.6384,29,187.856,24.1379,39124.5,6070.42,6.44511,0.451077,5,116.862
35,0.96,40,0,0.8,262046,162.046,25.9992,26,187.856,26.9231,39774.8,6125.1,6.49373,0.492421,5,128.846
35,0.96,40,0,1,284031,184.031,21.3203,21,187.856,33.3333,39426.1,6567.96,6.00278,0.537292,3,155.381
35,0.96,40,0,1.2,279635,179.635,20.0559,15,187.856,46.6667,33249.7,6639.13,5.00814,0.545357,2,205.267
35,0.96,40,3,0,236187,136.187,32.8725,29,187.856,24.1379,38336.8,6007.75,6.38122,0.443501,5,116.793
35,0.96,40,3,0.8,257550,157.55,26.2531,26,187.856,26.9231,38974.8,6067.04,6.42402,0.484817,5,128.769
35,0.96,40,3,1,284031,184.031,21.3203,21,187.856,33.3333,39426.1,6567.96,6.00278,0.537292,3,155.381
35,0.96,40,3,1.2,279635,179.635,20.0559,15,187.856,46.6667,33249.7,6639.13,5.00814,0.545357,2,205.267
35,0.96,40,5,0,271438,171.438,26.8646,25,187.856,28,40468.8,6213.51,6.51302,0.507421,4,134.88
35,0.96,40,5,0.8,269964,169.964,23.4912,23,187.856,30.4348,38435.1,6192.57,6.20664,0.508245,4,145.13
35,0.96,40,5,1,304212,204.212,20.1324,19,187.856,36.8421,40359.6,6525.42,6.18497,0.569936,3,171.211
35,0.96,40,5,1.2,287299,187.299,20.0559,14,187.856,50,33249.7,6492.69,5.12109,0.558477,2,219.786
35,0.96,40,10,0,275412,175.412,21.8641,23,187.856,30.4348,38726.2,5979.46,6.47654,0.517351,4,145.13
35,0.96,40,10,0.8,268374,168.374,21.8301,23,187.856,30.4348,37882.3,6050.15,6.26138,0.506277,4,144.478
35,0.96,40,10,1,310336,210.336,20.1324,18,187.856,38.8889,40465.6,6629.38,6.10397,0.579893,3,180.333
35,0.96,40,10,1.2,287299,187.299,20.0559,14,187.856,50,33249.7,6492.69,5.12109,0.558477,2,219.786
35,0.96,45,0,0,243567,143.567,30.7885,28,187.856,25,38872.4,6120.96,6.3507,0.457371,5,120.893
35,0.96,45,0,0.8,265576,165.576,23.96,25,187.856,28,39529.2,6173.8,6.40273,0.498818,4,133.84
35,0.96,45,0,1,288787,188.787,21.319,20,187.856,35,39244.2,6609.41,5.93762,0.545412,3,163
35,0.96,45,0,1.2,273983,173.983,20.0543,15,187.856,46.6667,32290.2,6506.07,4.96309,0.536476,2,204.733
35,0.96,45,3,0,243567,143.567,30.7885,28,187.856,25,38872.4,6120.96,6.3507,0.457371,5,120.893
35,0.96,45,3,0.8,265576,165.576,23.96,25,187.856,28,39529.2,6173.8,6.40273,0.498818,4,133.84
35,0.96,45,3,1,288787,188.787,21.319,20,187.856,35,39244.2,6609.41,5.93762,0.545412,3,163
35,0.96,45,3,1.2,273983,173.983,20.0543,15,187.856,46.6667,32290.2,6506.07,4.96309,0.536476,2,204.733
35,0.96,45,5,0,269730,169.73,27.3159,25,187.856,28,40348.3,6261.54,6.44383,0.504084,4,134.84
35,0.96,45,5,0.8,268266,168.266,23.962,23,187.856,30.4348,38318.8,6247.81,6.13315,0.504869,4,145.087
35,0.96,45,5,1,309350,209.35,20.1321,18,187.856,38.8889,40195.1,6546.91,6.13956,0.578154,3,180.556
35,0.96,45,5,1.2,281493,181.493,20.0543,14,187.856,50,32290.2,6362.63,5.07498,0.549615,2,219.214
35,0.96,45,10,0,274461,174.461,22.1318,23,187.856,30.4348,38661.4,6010.55,6.43225,0.515807,4,145.087
35,0.96,45,10,0.8,267439,167.439,22.0988,23,187.856,30.4348,37818.4,6080.59,6.21952,0.504719,4,144.435
35,0.96,45,10,1,306027,206.027,20.1321,18,187.856,38.8889,39707.7,6538.84,6.07259,0.573652,3,180.278
35,0.96,45,10,1.2,281493,181.493,20.0543,14,187.856,50,32290.2,6362.63,5.07498,0.549615,2,219.214
35,0.96,50,0,0,276116,176.116,26.6913,24,187.856,29.1667,41910.9,6897.68,6.0761,0.515172,4,140.292
35,0.96,50,0,0.8,283463,183.463,21.517,22,187.856,31.8182,40054.6,6461.33,6.19914,0.530736,3,151.5
35,0.96,50,0,1,289354,189.354,21.3209,19,187.856,36.8421,38090.5,6439.98,5.9147,0.547848,3,170.684
35,0.96,50,0,1.2,281917,181.917,20.0543,14,187.856,50,32766.4,6778.19,4.83409,0.551578,2,218.5
35,0.96,50,3,0,276116,176.116,26.6913,24,187.856,29.1667,41910.9,6897.68,6.0761,0.515172,4,140.292
35,0.96,50,3,0.8,283463,183.463,21.517,22,187.856,31.8182,40054.6,6461.33,6.19914,0.530736,3,151.5
35,0.96,50,3,1,289354,189.354,21.3209,19,187.856,36.8421,38090.5,6439.98,5.9147,0.547848,3,170.684
35,0.96,50,3,1.2,281917,181.917,20.0543,14,187.856,50,32766.4,6778.19,4.83409,0.551578,2,218.5
35,0.96,50,5,0,296132,196.132,23.0108,22,187.856,31.8182,42202.9,6619.23,6.3758,0.547678,3,152.545
35,0.96,50,5,0.8,289579,189.579,21.5167,21,187.856,33.3333,39747.1,6332.21,6.27697,0.540825,3,158.524
35,0.96,50,5,1,310054,210.054,20.1355,17,187.856,41.1765,39040.6,6323.03,6.17436,0.580921,3,190.235
35,0.96,50,5,1.2,281917,181.917,20.0543,14,187.856,50,32766.4,6778.19,4.83409,0.551578,2,218.5
35,0.96,50,10,0,289167,189.167,20.7835,21,187.856,33.3333,39656.7,6316.45,6.27832,0.54017,3,158.714
35,0.96,50,10,0.8,281787,181.787,21.5163,21,187.856,33.3333,38787.7,6409.11,6.05197,0.529126,3,158
35,0.96,50,10,1,310054,210.054,20.1355,17,187.856,41.1765,39040.6,6323.03,6.17436,0.580921,3,190.235
35,0.96,50,10,1.2,289647,189.647,20.0543,13,187.856,53.8462,32766.4,6619.63,4.94988,0.564782,2,235.154
